[{"pk": 144, "model": "search.subject", "fields": {"author": "Jon", "pub_date": "2014-04-27T16:54:57.312Z", "title": "Mechanics (Physics 1)"}}, {"pk": 145, "model": "search.subject", "fields": {"author": "Jon", "pub_date": "2014-04-27T16:54:57.546Z", "title": "Electricity and Magnetism (Physics 2)"}}, {"pk": 8721, "model": "search.searchterm", "fields": {"term": "m"}}, {"pk": 8722, "model": "search.searchterm", "fields": {"term": "meter"}}, {"pk": 8723, "model": "search.searchterm", "fields": {"term": "metre"}}, {"pk": 8724, "model": "search.searchterm", "fields": {"term": "kg"}}, {"pk": 8725, "model": "search.searchterm", "fields": {"term": "kilogram"}}, {"pk": 8726, "model": "search.searchterm", "fields": {"term": ""}}, {"pk": 8727, "model": "search.searchterm", "fields": {"term": "s"}}, {"pk": 8728, "model": "search.searchterm", "fields": {"term": "second"}}, {"pk": 8729, "model": "search.searchterm", "fields": {"term": "mol"}}, {"pk": 8730, "model": "search.searchterm", "fields": {"term": "mole"}}, {"pk": 8731, "model": "search.searchterm", "fields": {"term": "K"}}, {"pk": 8732, "model": "search.searchterm", "fields": {"term": "Kelvin"}}, {"pk": 8733, "model": "search.searchterm", "fields": {"term": "degrees"}}, {"pk": 8734, "model": "search.searchterm", "fields": {"term": "kevin"}}, {"pk": 8735, "model": "search.searchterm", "fields": {"term": "C"}}, {"pk": 8736, "model": "search.searchterm", "fields": {"term": "Celsius"}}, {"pk": 8737, "model": "search.searchterm", "fields": {"term": "centigrade"}}, {"pk": 8738, "model": "search.searchterm", "fields": {"term": "A"}}, {"pk": 8739, "model": "search.searchterm", "fields": {"term": "Ampere"}}, {"pk": 8740, "model": "search.searchterm", "fields": {"term": "J"}}, {"pk": 8741, "model": "search.searchterm", "fields": {"term": "Joule"}}, {"pk": 8742, "model": "search.searchterm", "fields": {"term": "N"}}, {"pk": 8743, "model": "search.searchterm", "fields": {"term": "Newton"}}, {"pk": 8744, "model": "search.searchterm", "fields": {"term": "Coulomb"}}, {"pk": 8745, "model": "search.searchterm", "fields": {"term": "charge"}}, {"pk": 8746, "model": "search.searchterm", "fields": {"term": "V"}}, {"pk": 8747, "model": "search.searchterm", "fields": {"term": "Volt"}}, {"pk": 8748, "model": "search.searchterm", "fields": {"term": "voltage"}}, {"pk": 8749, "model": "search.searchterm", "fields": {"term": "potential difference"}}, {"pk": 8750, "model": "search.searchterm", "fields": {"term": "potential"}}, {"pk": 8751, "model": "search.searchterm", "fields": {"term": "emf"}}, {"pk": 8752, "model": "search.searchterm", "fields": {"term": "electromotive force"}}, {"pk": 8753, "model": "search.searchterm", "fields": {"term": "H"}}, {"pk": 8754, "model": "search.searchterm", "fields": {"term": "Henry"}}, {"pk": 8755, "model": "search.searchterm", "fields": {"term": "omega"}}, {"pk": 8756, "model": "search.searchterm", "fields": {"term": "Ohm"}}, {"pk": 8757, "model": "search.searchterm", "fields": {"term": "resistance"}}, {"pk": 8758, "model": "search.searchterm", "fields": {"term": "Hz"}}, {"pk": 8759, "model": "search.searchterm", "fields": {"term": "Hertz"}}, {"pk": 8760, "model": "search.searchterm", "fields": {"term": "Pa"}}, {"pk": 8761, "model": "search.searchterm", "fields": {"term": "Pascal"}}, {"pk": 8762, "model": "search.searchterm", "fields": {"term": "T"}}, {"pk": 8763, "model": "search.searchterm", "fields": {"term": "Tesla"}}, {"pk": 8764, "model": "search.searchterm", "fields": {"term": "rad"}}, {"pk": 8765, "model": "search.searchterm", "fields": {"term": "Radian"}}, {"pk": 8766, "model": "search.searchterm", "fields": {"term": "angle"}}, {"pk": 8767, "model": "search.searchterm", "fields": {"term": "f"}}, {"pk": 8768, "model": "search.searchterm", "fields": {"term": "Farad"}}, {"pk": 8769, "model": "search.searchterm", "fields": {"term": "Force"}}, {"pk": 8770, "model": "search.searchterm", "fields": {"term": "Mass"}}, {"pk": 8771, "model": "search.searchterm", "fields": {"term": "g"}}, {"pk": 8772, "model": "search.searchterm", "fields": {"term": "lb"}}, {"pk": 8773, "model": "search.searchterm", "fields": {"term": "weight"}}, {"pk": 8774, "model": "search.searchterm", "fields": {"term": "x"}}, {"pk": 8775, "model": "search.searchterm", "fields": {"term": "Position"}}, {"pk": 8776, "model": "search.searchterm", "fields": {"term": "distance"}}, {"pk": 8777, "model": "search.searchterm", "fields": {"term": "length"}}, {"pk": 8778, "model": "search.searchterm", "fields": {"term": "Speed of Light"}}, {"pk": 8779, "model": "search.searchterm", "fields": {"term": "lightspeed"}}, {"pk": 8780, "model": "search.searchterm", "fields": {"term": "Newtonian Gravitational Constant"}}, {"pk": 8781, "model": "search.searchterm", "fields": {"term": "Gravity Constant"}}, {"pk": 8782, "model": "search.searchterm", "fields": {"term": "N_A"}}, {"pk": 8783, "model": "search.searchterm", "fields": {"term": "Avogadro's Number"}}, {"pk": 8784, "model": "search.searchterm", "fields": {"term": "avogadro's constant"}}, {"pk": 8785, "model": "search.searchterm", "fields": {"term": "avogadro"}}, {"pk": 8786, "model": "search.searchterm", "fields": {"term": "avocado"}}, {"pk": 8787, "model": "search.searchterm", "fields": {"term": "e_0"}}, {"pk": 8788, "model": "search.searchterm", "fields": {"term": "Electric Constant (permittivity)"}}, {"pk": 8789, "model": "search.searchterm", "fields": {"term": "e"}}, {"pk": 8790, "model": "search.searchterm", "fields": {"term": "e0"}}, {"pk": 8791, "model": "search.searchterm", "fields": {"term": "mu_0"}}, {"pk": 8792, "model": "search.searchterm", "fields": {"term": "Magnetic Constant (permeability of free space)"}}, {"pk": 8793, "model": "search.searchterm", "fields": {"term": "mu"}}, {"pk": 8794, "model": "search.searchterm", "fields": {"term": "mu0"}}, {"pk": 8795, "model": "search.searchterm", "fields": {"term": "m0"}}, {"pk": 8796, "model": "search.searchterm", "fields": {"term": "boltz constant"}}, {"pk": 8797, "model": "search.searchterm", "fields": {"term": "Boltzmann Constant"}}, {"pk": 8798, "model": "search.searchterm", "fields": {"term": "elementary charge"}}, {"pk": 8799, "model": "search.searchterm", "fields": {"term": "electron charge"}}, {"pk": 8800, "model": "search.searchterm", "fields": {"term": "proton charge"}}, {"pk": 8801, "model": "search.searchterm", "fields": {"term": "electron mass"}}, {"pk": 8802, "model": "search.searchterm", "fields": {"term": "me"}}, {"pk": 8803, "model": "search.searchterm", "fields": {"term": "mass of electron"}}, {"pk": 8804, "model": "search.searchterm", "fields": {"term": "proton mass"}}, {"pk": 8805, "model": "search.searchterm", "fields": {"term": "mp"}}, {"pk": 8806, "model": "search.searchterm", "fields": {"term": "mass of proton"}}, {"pk": 8807, "model": "search.searchterm", "fields": {"term": "Acceleration"}}, {"pk": 8808, "model": "search.searchterm", "fields": {"term": "dv/dt"}}, {"pk": 8809, "model": "search.searchterm", "fields": {"term": "dx^2/dt^2"}}, {"pk": 8810, "model": "search.searchterm", "fields": {"term": "vdot"}}, {"pk": 8811, "model": "search.searchterm", "fields": {"term": "xdotdot"}}, {"pk": 8812, "model": "search.searchterm", "fields": {"term": "xdoubledot"}}, {"pk": 8813, "model": "search.searchterm", "fields": {"term": "v."}}, {"pk": 8814, "model": "search.searchterm", "fields": {"term": "x.."}}, {"pk": 8815, "model": "search.searchterm", "fields": {"term": "tau"}}, {"pk": 8816, "model": "search.searchterm", "fields": {"term": "Torque"}}, {"pk": 8817, "model": "search.searchterm", "fields": {"term": "tork"}}, {"pk": 8818, "model": "search.searchterm", "fields": {"term": "p"}}, {"pk": 8819, "model": "search.searchterm", "fields": {"term": "Linear Momentum"}}, {"pk": 8820, "model": "search.searchterm", "fields": {"term": "mv"}}, {"pk": 8821, "model": "search.searchterm", "fields": {"term": "momentum"}}, {"pk": 8822, "model": "search.searchterm", "fields": {"term": "Impulse"}}, {"pk": 8823, "model": "search.searchterm", "fields": {"term": "dp"}}, {"pk": 8824, "model": "search.searchterm", "fields": {"term": "deltap"}}, {"pk": 8825, "model": "search.searchterm", "fields": {"term": "delta p"}}, {"pk": 8826, "model": "search.searchterm", "fields": {"term": "W"}}, {"pk": 8827, "model": "search.searchterm", "fields": {"term": "Work"}}, {"pk": 8828, "model": "search.searchterm", "fields": {"term": "Pi"}}, {"pk": 8829, "model": "search.searchterm", "fields": {"term": "Coefficient of Friction"}}, {"pk": 8830, "model": "search.searchterm", "fields": {"term": "mew"}}, {"pk": 8831, "model": "search.searchterm", "fields": {"term": "moo"}}, {"pk": 8832, "model": "search.searchterm", "fields": {"term": "frictional coefficient"}}, {"pk": 8833, "model": "search.searchterm", "fields": {"term": "friction"}}, {"pk": 8834, "model": "search.searchterm", "fields": {"term": "static friction"}}, {"pk": 8835, "model": "search.searchterm", "fields": {"term": "kinetic friction"}}, {"pk": 8836, "model": "search.searchterm", "fields": {"term": "moving friction"}}, {"pk": 8837, "model": "search.searchterm", "fields": {"term": "Kinetic Energy"}}, {"pk": 8838, "model": "search.searchterm", "fields": {"term": "KE"}}, {"pk": 8839, "model": "search.searchterm", "fields": {"term": "energy of motion"}}, {"pk": 8840, "model": "search.searchterm", "fields": {"term": "motion"}}, {"pk": 8841, "model": "search.searchterm", "fields": {"term": "mv^2"}}, {"pk": 8842, "model": "search.searchterm", "fields": {"term": "Wnet"}}, {"pk": 8843, "model": "search.searchterm", "fields": {"term": "Net Work"}}, {"pk": 8844, "model": "search.searchterm", "fields": {"term": "delta K"}}, {"pk": 8845, "model": "search.searchterm", "fields": {"term": "change in energy"}}, {"pk": 8846, "model": "search.searchterm", "fields": {"term": "dK"}}, {"pk": 8847, "model": "search.searchterm", "fields": {"term": "deltaK"}}, {"pk": 8848, "model": "search.searchterm", "fields": {"term": "Period"}}, {"pk": 8849, "model": "search.searchterm", "fields": {"term": "1/f"}}, {"pk": 8850, "model": "search.searchterm", "fields": {"term": "Frequency"}}, {"pk": 8851, "model": "search.searchterm", "fields": {"term": "1/t"}}, {"pk": 8852, "model": "search.searchterm", "fields": {"term": "F_fric"}}, {"pk": 8853, "model": "search.searchterm", "fields": {"term": "Frictional Force"}}, {"pk": 8854, "model": "search.searchterm", "fields": {"term": "muFn"}}, {"pk": 8855, "model": "search.searchterm", "fields": {"term": "mewFn"}}, {"pk": 8856, "model": "search.searchterm", "fields": {"term": "a_c"}}, {"pk": 8857, "model": "search.searchterm", "fields": {"term": "Centripetal Acceleration"}}, {"pk": 8858, "model": "search.searchterm", "fields": {"term": "centrifugal acceleration"}}, {"pk": 8859, "model": "search.searchterm", "fields": {"term": "Electric Dipole Moment"}}, {"pk": 8860, "model": "search.searchterm", "fields": {"term": "Coulomb's Constant"}}, {"pk": 8861, "model": "search.searchterm", "fields": {"term": "1/4pie0"}}, {"pk": 8862, "model": "search.searchterm", "fields": {"term": "1/4piepsilon0"}}, {"pk": 8863, "model": "search.searchterm", "fields": {"term": "theta"}}, {"pk": 8864, "model": "search.searchterm", "fields": {"term": "degree"}}, {"pk": 8865, "model": "search.searchterm", "fields": {"term": "Time"}}, {"pk": 8866, "model": "search.searchterm", "fields": {"term": "seconds"}}, {"pk": 8867, "model": "search.searchterm", "fields": {"term": "Velocity"}}, {"pk": 8868, "model": "search.searchterm", "fields": {"term": "speed"}}, {"pk": 8869, "model": "search.searchterm", "fields": {"term": "F_n"}}, {"pk": 8870, "model": "search.searchterm", "fields": {"term": "Normal Force"}}, {"pk": 8871, "model": "search.searchterm", "fields": {"term": "r"}}, {"pk": 8872, "model": "search.searchterm", "fields": {"term": "Radius"}}, {"pk": 8873, "model": "search.searchterm", "fields": {"term": "diameter"}}, {"pk": 8874, "model": "search.searchterm", "fields": {"term": "Gravitational Acceleration"}}, {"pk": 8875, "model": "search.searchterm", "fields": {"term": "gravity"}}, {"pk": 8876, "model": "search.searchterm", "fields": {"term": "Q"}}, {"pk": 8877, "model": "search.searchterm", "fields": {"term": "Electric Charge"}}, {"pk": 8878, "model": "search.searchterm", "fields": {"term": "F_c"}}, {"pk": 8879, "model": "search.searchterm", "fields": {"term": "Centripetal Force"}}, {"pk": 8880, "model": "search.searchterm", "fields": {"term": "centrifugal force"}}, {"pk": 8881, "model": "search.searchterm", "fields": {"term": "Electric Field"}}, {"pk": 8882, "model": "search.searchterm", "fields": {"term": "Electric Force"}}, {"pk": 8883, "model": "search.searchterm", "fields": {"term": "U_g"}}, {"pk": 8884, "model": "search.searchterm", "fields": {"term": "Gravitational Potential Energy"}}, {"pk": 8885, "model": "search.searchterm", "fields": {"term": "F_g"}}, {"pk": 8886, "model": "search.searchterm", "fields": {"term": "Gravitational Force"}}, {"pk": 8887, "model": "search.searchterm", "fields": {"term": "U"}}, {"pk": 8888, "model": "search.searchterm", "fields": {"term": "Potential Energy"}}, {"pk": 8889, "model": "search.searchterm", "fields": {"term": "T_pendulum"}}, {"pk": 8890, "model": "search.searchterm", "fields": {"term": "Pendulum Period"}}, {"pk": 8891, "model": "search.searchterm", "fields": {"term": "Spring Constant"}}, {"pk": 8892, "model": "search.searchterm", "fields": {"term": "T_spring"}}, {"pk": 8893, "model": "search.searchterm", "fields": {"term": "Spring Period"}}, {"pk": 8894, "model": "search.searchterm", "fields": {"term": "F_spring"}}, {"pk": 8895, "model": "search.searchterm", "fields": {"term": "Spring Force"}}, {"pk": 8896, "model": "search.searchterm", "fields": {"term": "U_spring"}}, {"pk": 8897, "model": "search.searchterm", "fields": {"term": "Spring Potential Energy"}}, {"pk": 8898, "model": "search.searchterm", "fields": {"term": "F_coulomb"}}, {"pk": 8899, "model": "search.searchterm", "fields": {"term": "Coulomb Force"}}, {"pk": 8900, "model": "search.searchterm", "fields": {"term": "v=v0+at"}}, {"pk": 8901, "model": "search.searchterm", "fields": {"term": "Velocity over Time with Constant Acceleration"}}, {"pk": 8902, "model": "search.searchterm", "fields": {"term": "kinematic"}}, {"pk": 8903, "model": "search.searchterm", "fields": {"term": "kinematic equation"}}, {"pk": 8904, "model": "search.searchterm", "fields": {"term": "f=ma"}}, {"pk": 8905, "model": "search.searchterm", "fields": {"term": "Newton's Second Law"}}, {"pk": 8906, "model": "search.searchterm", "fields": {"term": "x=(x_0)+(v_0)*t+0.5a*(t^2)"}}, {"pk": 8907, "model": "search.searchterm", "fields": {"term": "Position with Constant Acceleration"}}, {"pk": 8908, "model": "search.searchterm", "fields": {"term": "v^2=(v_0^2)+2a*(x-x_0)"}}, {"pk": 8909, "model": "search.searchterm", "fields": {"term": "Velocity at a Position with Constant Acceleration"}}, {"pk": 8910, "model": "search.searchterm", "fields": {"term": "F_fric=muF_n"}}, {"pk": 8911, "model": "search.searchterm", "fields": {"term": "Force of Friction"}}, {"pk": 8912, "model": "search.searchterm", "fields": {"term": "muF_n"}}, {"pk": 8913, "model": "search.searchterm", "fields": {"term": "a_c=(v^2)/r"}}, {"pk": 8914, "model": "search.searchterm", "fields": {"term": "centripital acceleration"}}, {"pk": 8915, "model": "search.searchterm", "fields": {"term": "Tau=rf(sin(theta))"}}, {"pk": 8916, "model": "search.searchterm", "fields": {"term": "rxf"}}, {"pk": 8917, "model": "search.searchterm", "fields": {"term": "r x f"}}, {"pk": 8918, "model": "search.searchterm", "fields": {"term": " rfsintheta"}}, {"pk": 8919, "model": "search.searchterm", "fields": {"term": "p=mv"}}, {"pk": 8920, "model": "search.searchterm", "fields": {"term": "Definition of Linear Momentum"}}, {"pk": 8921, "model": "search.searchterm", "fields": {"term": "Jnet=delta(p)"}}, {"pk": 8922, "model": "search.searchterm", "fields": {"term": "Net Impulse"}}, {"pk": 8923, "model": "search.searchterm", "fields": {"term": "jnet"}}, {"pk": 8924, "model": "search.searchterm", "fields": {"term": "J=int(F)dt"}}, {"pk": 8925, "model": "search.searchterm", "fields": {"term": "intF"}}, {"pk": 8926, "model": "search.searchterm", "fields": {"term": "K=0.5(mv^2)"}}, {"pk": 8927, "model": "search.searchterm", "fields": {"term": "Definition of Kinetic Energy"}}, {"pk": 8928, "model": "search.searchterm", "fields": {"term": "U=mgh"}}, {"pk": 8929, "model": "search.searchterm", "fields": {"term": "Definition of Gravitational Potential Energy"}}, {"pk": 8930, "model": "search.searchterm", "fields": {"term": "Ug"}}, {"pk": 8931, "model": "search.searchterm", "fields": {"term": "PE"}}, {"pk": 8932, "model": "search.searchterm", "fields": {"term": "Pg"}}, {"pk": 8933, "model": "search.searchterm", "fields": {"term": "PEg"}}, {"pk": 8934, "model": "search.searchterm", "fields": {"term": "W=int(f)dx"}}, {"pk": 8935, "model": "search.searchterm", "fields": {"term": "Definition of Work"}}, {"pk": 8936, "model": "search.searchterm", "fields": {"term": "F_spring=-kx"}}, {"pk": 8937, "model": "search.searchterm", "fields": {"term": "Hooke's Law"}}, {"pk": 8938, "model": "search.searchterm", "fields": {"term": "U_spring=0.5k(x^2)"}}, {"pk": 8939, "model": "search.searchterm", "fields": {"term": "Definition of Spring Potential Energy"}}, {"pk": 8940, "model": "search.searchterm", "fields": {"term": "spring work"}}, {"pk": 8941, "model": "search.searchterm", "fields": {"term": "work done by spring"}}, {"pk": 8942, "model": "search.searchterm", "fields": {"term": "T_spring=2pi(sqrt(m/k))"}}, {"pk": 8943, "model": "search.searchterm", "fields": {"term": "T_pendulum=2pi(sqrt(l/g))"}}, {"pk": 8944, "model": "search.searchterm", "fields": {"term": "T=1/(freq)"}}, {"pk": 8945, "model": "search.searchterm", "fields": {"term": "U = -int(F)dx"}}, {"pk": 8946, "model": "search.searchterm", "fields": {"term": "F_grav = -(Gm1m2)/(r^2)"}}, {"pk": 8947, "model": "search.searchterm", "fields": {"term": "Newton's Law of Gravitation"}}, {"pk": 8948, "model": "search.searchterm", "fields": {"term": "Fg"}}, {"pk": 8949, "model": "search.searchterm", "fields": {"term": "U_g = -(Gm1m2)/(r)"}}, {"pk": 8950, "model": "search.searchterm", "fields": {"term": "Gravitational Potential"}}, {"pk": 8951, "model": "search.searchterm", "fields": {"term": "F=(kq1q2/(r^2))"}}, {"pk": 8952, "model": "search.searchterm", "fields": {"term": "Definition of Coulomb Force"}}, {"pk": 8953, "model": "search.searchterm", "fields": {"term": "E=F/q"}}, {"pk": 8954, "model": "search.searchterm", "fields": {"term": "efield"}}, {"pk": 8955, "model": "search.searchterm", "fields": {"term": "F_n = mg"}}, {"pk": 8956, "model": "search.searchterm", "fields": {"term": "Fn"}}, {"pk": 8957, "model": "search.searchterm", "fields": {"term": "Fnormal"}}, {"pk": 8958, "model": "search.searchterm", "fields": {"term": "mg"}}, {"pk": 8959, "model": "search.searchterm", "fields": {"term": "mgcostheta"}}, {"pk": 8960, "model": "search.searchterm", "fields": {"term": "F_c = ma_c"}}, {"pk": 8961, "model": "search.searchterm", "fields": {"term": "Definition of Centripetal Force"}}, {"pk": 8962, "model": "search.searchterm", "fields": {"term": "Fc"}}, {"pk": 8963, "model": "search.searchterm", "fields": {"term": "centripital force"}}, {"pk": 8964, "model": "search.searchterm", "fields": {"term": "r_cm"}}, {"pk": 8965, "model": "search.searchterm", "fields": {"term": "Center of Mass"}}, {"pk": 8966, "model": "search.searchterm", "fields": {"term": "Wnet=deltak"}}, {"pk": 8967, "model": "search.searchterm", "fields": {"term": "Work-Energy Theorem"}}, {"pk": 8968, "model": "search.searchterm", "fields": {"term": "work energy"}}, {"pk": 8969, "model": "search.searchterm", "fields": {"term": "p = qd"}}, {"pk": 8970, "model": "search.searchterm", "fields": {"term": "q = ne"}}, {"pk": 8971, "model": "search.searchterm", "fields": {"term": "amount of electricity"}}, {"pk": 144, "model": "search.source", "fields": {"publisher": "John Wiley & Sons, Inc.", "title": "Physics: Volume 1", "add_date": "2014-04-27T16:54:57.546Z", "authors": "R. Resnick, D. Halliday, K. Krane", "edition": 5, "pub_city": "New York", "year": "2002", "identifier": "1", "entered_by": "Nick"}}, {"pk": 145, "model": "search.source", "fields": {"publisher": "John Wiley & Sons, Inc.", "title": "Physics: Volume 2", "add_date": "2014-04-27T16:54:57.546Z", "authors": "D. Halliday, R. Resnick, K. Krane", "edition": 5, "pub_city": "New York", "year": "2002", "identifier": "2", "entered_by": "Nick"}}, {"pk": 893, "model": "search.unit", "fields": {"quick_name": "m", "description": "Historically defined as one ten-millionth of the distance between the North Pole and Paris, the modern meter is the length traveled by a light wave in vacuum in 1/299,792,458 seconds.", "author": "Nick", "composition_links": [900, 901, 907], "cited": [144], "search_terms": [8721, 8722, 8723], "subjects": [], "was_revised": false, "full_name": "meter", "representation": "$\\displaystyle{\\textrm{m}}$", "pub_date": "2014-04-27T16:54:57.562Z", "composition": "", "cited_pages": ""}}, {"pk": 894, "model": "search.unit", "fields": {"quick_name": "kg", "description": "Historically, a kilogram was defined as the mass of one cubic liter of water. The mass of a kilogram today is defined as the mass of a platinum-iridium cylinder internationally agreed-upon to be one kilogram.", "author": "Nick", "composition_links": [900, 901], "cited": [144], "search_terms": [8724, 8725, 8726], "subjects": [], "was_revised": false, "full_name": "kilogram", "representation": "$\\displaystyle{\\textrm{kg}}$", "pub_date": "2014-04-27T16:54:57.703Z", "composition": "", "cited_pages": ""}}, {"pk": 895, "model": "search.unit", "fields": {"quick_name": "s", "description": "The second is defined as the duration of 9,192,631,770 vibrations of radiation of a certain cesium atom. On a less formal level, we think of a second as 1/60th of a minute, 1/3600 of an hour, etc.", "author": "Nick", "composition_links": [900, 901, 902, 904, 906], "cited": [144], "search_terms": [8726, 8727, 8728], "subjects": [], "was_revised": false, "full_name": "second", "representation": "$\\displaystyle{\\textrm{s}}$", "pub_date": "2014-04-27T16:54:57.765Z", "composition": "", "cited_pages": ""}}, {"pk": 896, "model": "search.unit", "fields": {"quick_name": "mol", "description": "A mole is defined as 6.02214199 * 10^23 atoms. This is known as Avogadro's number.", "author": "Nick", "composition_links": [], "cited": [144], "search_terms": [8726, 8729, 8730], "subjects": [], "was_revised": false, "full_name": "mole", "representation": "$\\displaystyle{\\textrm{mol}}$", "pub_date": "2014-04-27T16:54:57.812Z", "composition": "", "cited_pages": ""}}, {"pk": 897, "model": "search.unit", "fields": {"quick_name": "K", "description": "One Kelvin is defined as 1/273.16 the temperature of the triple point of water, at which solid, liquid, and gaseous water coexist in happy equilibrium. This is equivalent to 0 degrees Celsius or 32 degrees Fahrenheit. A particle at 0K has zero thermal motion, an unattainable state.", "author": "Nick", "composition_links": [], "cited": [144], "search_terms": [8731, 8732, 8733, 8734], "subjects": [], "was_revised": false, "full_name": "Kelvin", "representation": "$\\displaystyle{\\textrm{K}}$", "pub_date": "2014-04-27T16:54:57.874Z", "composition": "", "cited_pages": ""}}, {"pk": 898, "model": "search.unit", "fields": {"quick_name": "C", "description": "Today we define a temperature ($T_c$) on the Celsius scale in terms of the corresponding Kelvin temperature T, by $T_c$=$T$ - 273.15. The freezing and boiling points of water (at a pressure of 1 atm) are now measured on the Kelvin scale and then converted to Celsius using this equation. The values are respectively 0.00 degrees C and 99.975 degrees C .", "author": "Charlie", "composition_links": [], "cited": [144], "search_terms": [8733, 8735, 8736, 8737], "subjects": [], "was_revised": false, "full_name": "Celsius", "representation": "$\\displaystyle{\\textrm{C}}$", "pub_date": "2014-04-27T16:54:57.937Z", "composition": "", "cited_pages": "481"}}, {"pk": 899, "model": "search.unit", "fields": {"quick_name": "A", "description": "The SI unit of current is the ampere (A)", "author": "Charlie", "composition_links": [902, 904, 905, 908], "cited": [144], "search_terms": [8726, 8738, 8739], "subjects": [], "was_revised": false, "full_name": "Ampere", "representation": "$\\displaystyle{\\textrm{A}}$", "pub_date": "2014-04-27T16:54:58.015Z", "composition": "", "cited_pages": ""}}, {"pk": 900, "model": "search.unit", "fields": {"quick_name": "J", "description": "The joule, symbol J, is a derived unit of energy, work, or amount of heat. It is equal to the energy expended (or work done) in applying a force of one newton through a distance of one metre (1 newton meter or N\u00b7m), or in passing an electric current of one ampere through a resistance of one ohm for one second.", "author": "Charlie", "composition_links": [893, 894, 895, 903], "cited": [144], "search_terms": [8726, 8740, 8741], "subjects": [], "was_revised": false, "full_name": "Joule", "representation": "$\\displaystyle{\\textrm{J}}$", "pub_date": "2014-04-27T16:54:58.062Z", "composition": "$\\displaystyle{ \\frac{ \\textrm{kg} \\cdot \\textrm{m}^2}{ \\textrm{s}^2 } }$", "cited_pages": "232"}}, {"pk": 901, "model": "search.unit", "fields": {"quick_name": "N", "description": "A Newton is a unit of force. ", "author": "Charlie", "composition_links": [893, 895, 894, 907, 908], "cited": [144], "search_terms": [8726, 8742, 8743], "subjects": [], "was_revised": false, "full_name": "Newton", "representation": "$\\displaystyle{\\textrm{N}}$", "pub_date": "2014-04-27T16:54:58.234Z", "composition": "$\\displaystyle{\\frac{ \\textrm{kg} \\cdot {\\textrm{m}}{ \\textrm{s}^2 }}$", "cited_pages": ""}}, {"pk": 902, "model": "search.unit", "fields": {"quick_name": "C", "description": "The Coulomb is a unit of electrical charge, equal to one Ampere second.", "author": "Nick", "composition_links": [895, 899, 903, 910], "cited": [144], "search_terms": [8735, 8744, 8745], "subjects": [], "was_revised": false, "full_name": "Coulomb", "representation": "$\\displaystyle{\\textrm{C}}$", "pub_date": "2014-04-27T16:54:58.359Z", "composition": "$\\displaystyle{A \\cdot s}$", "cited_pages": ""}}, {"pk": 903, "model": "search.unit", "fields": {"quick_name": "V", "description": "Volts are a measure of electric potential difference, or eletric potential energy difference per unit test charge. $V = \\frac{U}{q_0}$", "author": "Charlie", "composition_links": [900, 902, 904, 905, 910], "cited": [145], "search_terms": [8746, 8747, 8748, 8749, 8750, 8751, 8752], "subjects": [], "was_revised": false, "full_name": "Volt", "representation": "$\\displaystyle{\\textrm{V}}$", "pub_date": "2014-04-27T16:54:58.437Z", "composition": "$\\displaystyle{ \\frac{ \\textrm{J}}{ \\textrm{C} } }$", "cited_pages": "639"}}, {"pk": 904, "model": "search.unit", "fields": {"quick_name": "H", "description": "In physics, and electronics, the henry (symbol H) is the SI derived unit of inductance.", "author": "Charlie", "composition_links": [895, 899, 903], "cited": [145], "search_terms": [8726, 8753, 8754], "subjects": [], "was_revised": false, "full_name": "Henry", "representation": "$\\displaystyle{\\textrm{H}}$", "pub_date": "2014-04-27T16:54:58.593Z", "composition": "$\\displaystyle{\\frac{ \\textrm{V} \\cdot \\textrm{ s } }{\\textrm{A}} }$", "cited_pages": ""}}, {"pk": 905, "model": "search.unit", "fields": {"quick_name": "omega", "description": "The Ohm is a measure of resistance in an electrical system. $R = \\frac{\\Delta V}{i} $", "author": "Charlie", "composition_links": [899, 903], "cited": [145], "search_terms": [8755, 8756, 8757], "subjects": [], "was_revised": false, "full_name": "Ohm", "representation": "$\\displaystyle{\\Omega}$", "pub_date": "2014-04-27T16:54:58.734Z", "composition": "$\\displaystyle{\\frac{ \\textrm{V} }{ \\textrm{A} }}$", "cited_pages": "A-2"}}, {"pk": 906, "model": "search.unit", "fields": {"quick_name": "Hz", "description": "A Hertz is a unit of frequency. It is defined as the number of events occurring in one second.", "author": "Charlie", "composition_links": [895], "cited": [], "search_terms": [8726, 8758, 8759], "subjects": [], "was_revised": false, "full_name": "Hertz", "representation": "$\\displaystyle{\\textrm{Hz}}$", "pub_date": "2014-04-27T16:54:58.890Z", "composition": "$\\displaystyle{ \\frac{ 1 }{ \\textrm{ s } } }$", "cited_pages": ""}}, {"pk": 907, "model": "search.unit", "fields": {"quick_name": "Pa", "description": "The SI unit of pressure is the Pascal (Pa; 1Pa = $ \\frac{ N }{ m^2 } $). Pressure has dimensions of force divided by area and a wide variety of other units can be found. In the United States tire pressure gauges are often in $ \\frac{lb}{in^2 }$. The standard pressure exerted  by the atmosphere of the Earth at sea level is designated as 1 atmosphere (atm; 1 atm = 14.7 $ \\frac{ lb }{ in^2 } $ = 1.01325 x $10^5$ Pa).", "author": "Charlie", "composition_links": [893, 901], "cited": [144], "search_terms": [8726, 8760, 8761], "subjects": [], "was_revised": false, "full_name": "Pascal", "representation": "$\\displaystyle{\\textrm{Pa}}$", "pub_date": "2014-04-27T16:54:58.953Z", "composition": "$\\displaystyle{ \\frac{ \\textrm{N} }{ \\textrm{m}^2 } }$", "cited_pages": "332"}}, {"pk": 908, "model": "search.unit", "fields": {"quick_name": "T", "description": "The Tesla is a measure of magnetic field strength.", "author": "Charlie", "composition_links": [899, 901], "cited": [145], "search_terms": [8726, 8762, 8763], "subjects": [], "was_revised": false, "full_name": "Tesla", "representation": "$\\displaystyle{\\textrm{T}}$", "pub_date": "2014-04-27T16:54:59.062Z", "composition": "$\\displaystyle{ \\frac{ \\textrm{Wb} }{ \\textrm{m}^2 } = \\frac{ N \\cdot m }{ A } }$", "cited_pages": ""}}, {"pk": 909, "model": "search.unit", "fields": {"quick_name": "rad", "description": "The radian is a unit of angle. An angle of one radian is subtended when its arc length is equal in measure to its radius.", "author": "Charlie", "composition_links": [], "cited": [], "search_terms": [8764, 8765, 8766], "subjects": [], "was_revised": false, "full_name": "Radian", "representation": "$\\displaystyle{\\textrm{rad}}$", "pub_date": "2014-04-27T16:54:59.171Z", "composition": "", "cited_pages": ""}}, {"pk": 910, "model": "search.unit", "fields": {"quick_name": "f", "description": "The Farad is a measure of capacitance, or amount of energy able to be stored in an electric field by a capacitor.", "author": "Charlie", "composition_links": [902, 903], "cited": [145], "search_terms": [8726, 8767, 8768], "subjects": [], "was_revised": false, "full_name": "Farad", "representation": "$\\displaystyle{\\textrm{F}}$", "pub_date": "2014-04-27T16:54:59.234Z", "composition": "$\\displaystyle{ \\frac{ coulomb }{ volt } }$", "cited_pages": "680-681"}}, {"pk": 1308, "model": "search.variable", "fields": {"quick_name": "F", "description": "Any Influence that causes an object to undergo a certain change, either concerning its movement, direction, or geometrcial construction. A force can cause an object with mass to change velocity, deform, or both. Force can intuitively be thought of as a push or a pull. A force has both a magnitude and a direction making it a vectore quantity.", "author": "Charlie", "cited": [144], "search_terms": [8726, 8767, 8769], "units_links": [901], "subjects": [], "was_revised": false, "full_name": "Force", "units": "$\\displaystyle{ \\textrm{N} }$", "representation": "$\\displaystyle{\\vec{F}}$", "pub_date": "2014-04-27T16:54:59.328Z", "cited_pages": "42"}}, {"pk": 1309, "model": "search.variable", "fields": {"quick_name": "m", "description": "Mass is an intrinsic property of matter. If something exists and occupies a volume, it has mass. Unlike weight, mass is independent of gravity. If you weighed yourself on Earth and again on the Moon, you would notice a large decrease in your weight, because the Moon has a much weaker gravitational pull, but your mass would remain unchanged.", "author": "Nick", "cited": [144], "search_terms": [8721, 8724, 8770, 8771, 8772, 8773], "units_links": [894], "subjects": [], "was_revised": false, "full_name": "Mass", "units": "$\\displaystyle{ \\textrm{kg} }$", "representation": "$\\displaystyle{\\textrm{m}}$", "pub_date": "2014-04-27T16:55:00.314Z", "cited_pages": "46"}}, {"pk": 1310, "model": "search.variable", "fields": {"quick_name": "x", "description": "Position is a measure of distance. It is defined as the displacement between an object and the origin, which you're usually allowed to place wherever you want. Displacement is a vector, which means it must have an associated direction.", "author": "Nick", "cited": [144], "search_terms": [8774, 8775, 8776, 8777], "units_links": [893], "subjects": [], "was_revised": false, "full_name": "Position", "units": "$\\displaystyle{ \\textrm{m} }$", "representation": "$\\displaystyle{\\vec{x}}$", "pub_date": "2014-04-27T16:55:00.392Z", "cited_pages": "17"}}, {"pk": 1311, "model": "search.variable", "fields": {"quick_name": "c", "description": "The speed of light in vaccum is a universal constant which is 2.998 x 10^8 and is the speed at which all electromagnetic radiation travels in vaccum", "author": "Charlie", "cited": [144], "search_terms": [8735, 8778, 8779], "units_links": [893, 895], "subjects": [], "was_revised": false, "full_name": "Speed of Light", "units": "$\\displaystyle{ \\frac{ \\textrm{m} }{ \\textrm{s} } }$", "representation": "$\\displaystyle{c}$", "pub_date": "2014-04-27T16:55:00.470Z", "cited_pages": "5"}}, {"pk": 1312, "model": "search.variable", "fields": {"quick_name": "G", "description": "The Gravitational constant, approximately 6.67 x 10^(-11) N(m/kg)^2, is an empirical physical constant used in calculating the gravitational force between two bodies. This is not to be confused with g, the free-fall acceleration on Earth, which is not universal.", "author": "Charlie", "cited": [144], "search_terms": [8771, 8780, 8781], "units_links": [894, 895, 901], "subjects": [], "was_revised": false, "full_name": "Newtonian Gravitational Constant", "units": "$\\displaystyle{ \\frac{ \\textrm{N} \\cdot \\textrm{m}^2 }{ \\textrm{kg}^2 } }$", "representation": "$\\displaystyle{\\textrm{G}}$", "pub_date": "2014-04-27T16:55:00.564Z", "cited_pages": "300"}}, {"pk": 1313, "model": "search.variable", "fields": {"quick_name": "N_A", "description": "Avogadro's constant is the number of particles in one mole of a given substance. This value is 6.022 x 10^23 1/mol", "author": "Charlie", "cited": [144], "search_terms": [8782, 8783, 8784, 8785, 8786], "units_links": [896], "subjects": [], "was_revised": false, "full_name": "Avogadro's Number", "units": "$\\displaystyle{ \\frac{1}{ \\textrm{mol} } }$", "representation": "$\\displaystyle{N_A}$", "pub_date": "2014-04-27T16:55:00.689Z", "cited_pages": "6"}}, {"pk": 1314, "model": "search.variable", "fields": {"quick_name": "e_0", "description": "The physical constant $\\epsilon_0$, commonly called the vacuum permittivity, permittivity of free space or electric constant, is an ideal, (baseline) physical constant, which is the value of the absolute (not relative) dielectric permittivity of classical vacuum. Its value is: 8.85 x 10^(-12) F/m (Farads per meter).", "author": "Charlie", "cited": [144], "search_terms": [8787, 8788, 8789, 8790], "units_links": [893, 910], "subjects": [], "was_revised": false, "full_name": "Electric Constant (permittivity)", "units": "$\\displaystyle{ \\frac{ \\textrm{F} }{ \\textrm{m} } }$", "representation": "$\\displaystyle{\\epsilon_0}$", "pub_date": "2014-04-27T16:55:00.798Z", "cited_pages": ""}}, {"pk": 1315, "model": "search.variable", "fields": {"quick_name": "mu_0", "description": "The physical constant $\\mu_0$, commonly called the vacuum permeability, permeability of free space, or magnetic constant is an ideal, (baseline) physical constant, which is the value of magnetic permeability in a classical vacuum. Vacuum permeability is derived from production of a magnetic field by an electric current or by a moving electric charge and in all other formulas for magnetic-field production in a vacuum. \u00b50 = 4\u03c0\u00d710^(\u22127) V\u00b7s/(A\u00b7m) \u2248 1.2566370614...\u00d710^(\u22126) H/m or N\u00b7A^(\u22122) or T\u00b7m/A or Wb/(A\u00b7m)", "author": "Nick", "cited": [144], "search_terms": [8721, 8791, 8792, 8793, 8794, 8795], "units_links": [893, 904], "subjects": [], "was_revised": false, "full_name": "Magnetic Constant (permeability of free space)", "units": "$\\displaystyle{ \\frac{ \\textrm{H} }{ \\textrm{m} } }$", "representation": "$\\displaystyle{\\mu_0}$", "pub_date": "2014-04-27T16:55:00.892Z", "cited_pages": ""}}, {"pk": 1316, "model": "search.variable", "fields": {"quick_name": "boltz constant", "description": "The Boltzmann constant (k or kB) is a physical constant relating energy at the individual particle level with temperature. It is the gas constant R divided by the Avogadro number. This constant is commonly used in the formula PV=NkT (where P is pressure, V is volume, N is number of particles, k is the Boltzman Constant, and T is temperature). The value of k is 1.3806488(13)\u00d710^(\u221223) J/K = 8.6173324(78)\u00d710^(\u22125) eV/K", "author": "Nick", "cited": [144], "search_terms": [8731, 8796, 8797], "units_links": [897, 900], "subjects": [], "was_revised": false, "full_name": "Boltzmann Constant", "units": "$\\displaystyle{ \\frac{ \\textrm{J} }{ \\textrm{K} } }$", "representation": "$\\displaystyle{\\textrm{k}}$", "pub_date": "2014-04-27T16:55:01.017Z", "cited_pages": ""}}, {"pk": 1317, "model": "search.variable", "fields": {"quick_name": "elementary charge", "description": "The elementary charge is equal to the electrical charge of a proton or neutron: 1.6 * 10^-19 C", "author": "Nick", "cited": [144], "search_terms": [8789, 8798, 8799, 8800], "units_links": [902], "subjects": [], "was_revised": false, "full_name": "Elementary Charge", "units": "$\\displaystyle{ \\textrm{q} }$", "representation": "$\\displaystyle{e}$", "pub_date": "2014-04-27T16:55:01.126Z", "cited_pages": ""}}, {"pk": 1318, "model": "search.variable", "fields": {"quick_name": "electron mass", "description": "The electron mass is approximately 9.109 382 91 \u00d7 10^(\u221231) kg", "author": "Nick", "cited": [144], "search_terms": [8801, 8802, 8803], "units_links": [894], "subjects": [], "was_revised": false, "full_name": "Electron Mass", "units": "$\\displaystyle{ \\textrm{kg} }$", "representation": "$\\displaystyle{m_e}$", "pub_date": "2014-04-27T16:55:01.220Z", "cited_pages": ""}}, {"pk": 1319, "model": "search.variable", "fields": {"quick_name": "proton mass", "description": "The proton mass is approximately 1.672621777\u00d710^(\u221227) kg", "author": "Nick", "cited": [144], "search_terms": [8804, 8805, 8806], "units_links": [894], "subjects": [], "was_revised": false, "full_name": "Proton Mass", "units": "$\\displaystyle{ \\textrm{kg} }$", "representation": "$\\displaystyle{m_p}$", "pub_date": "2014-04-27T16:55:01.282Z", "cited_pages": ""}}, {"pk": 1320, "model": "search.variable", "fields": {"quick_name": "a", "description": "The rate at which the velocity of an object is changing with respect to time", "author": "Charlie", "cited": [144], "search_terms": [8738, 8807, 8808, 8809, 8810, 8811, 8812, 8813, 8814], "units_links": [893, 895], "subjects": [], "was_revised": false, "full_name": "Acceleration", "units": "$\\displaystyle{ \\frac{ \\textrm{m} }{ \\textrm{s}^2 } }$", "representation": "$\\displaystyle{\\vec{a}}$", "pub_date": "2014-04-27T16:55:01.376Z", "cited_pages": ""}}, {"pk": 1321, "model": "search.variable", "fields": {"quick_name": "tau", "description": "Torque, moment or moment of force, is the tendency of a force to rotate an object about an axis, fulcrum, or pivot. Just as a force is a push or a pull, a torque can be thought of as a twist to an object.", "author": "Nick", "cited": [144], "search_terms": [8762, 8815, 8816, 8817], "units_links": [901], "subjects": [], "was_revised": false, "full_name": "Torque", "units": "$\\displaystyle{ \\textrm{N}}$", "representation": "$\\displaystyle{ \\vec{\\tau} }$", "pub_date": "2014-04-27T16:55:01.548Z", "cited_pages": ""}}, {"pk": 1322, "model": "search.variable", "fields": {"quick_name": "p", "description": "A vector quantity, linear momentum is defined as the product of an object's mass and velocity. Momentum is conserved in elastic collisions, where objects bounce off each other, but not in inelastic collisions, where they stick together.", "author": "Nick", "cited": [144], "search_terms": [8818, 8819, 8820, 8821], "units_links": [893, 894, 895], "subjects": [], "was_revised": false, "full_name": "Linear Momentum", "units": "$\\displaystyle{ \\frac{ \\textrm{kg} \\cdot \\textrm{m} }{ \\textrm{s} } }$", "representation": "$\\displaystyle{ \\vec{p} }$", "pub_date": "2014-04-27T16:55:01.642Z", "cited_pages": ""}}, {"pk": 1323, "model": "search.variable", "fields": {"quick_name": "J", "description": "In classical mechanics, the impulse of force (noted as J or Imp) is defined as the product of the average force multiplied by the time it is exerted. Impulse is a vector quantity since force is a vector quantity. The SI unit of impulse is the newton second (N\u00b7s) or, in base units, the kilogram meter per second (kg\u00b7m/s). Impulse is also defined as the change in the linear momentum of a body.", "author": "Nick", "cited": [144], "search_terms": [8740, 8822, 8823, 8824, 8825], "units_links": [893, 894, 895], "subjects": [], "was_revised": false, "full_name": "Impulse", "units": "$\\displaystyle{ \\frac{ \\textrm{kg} \\cdot \\textrm{m} }{ \\textrm{s} } }$", "representation": "$\\displaystyle{ \\vec{J} = \\Delta \\vec{p} }$", "pub_date": "2014-04-27T16:55:01.767Z", "cited_pages": ""}}, {"pk": 1324, "model": "search.variable", "fields": {"quick_name": "W", "description": " A force is said to do work when it acts on a body, and there is a displacement of the point of application in the direction of the force. The SI unit of work is the joule (J), which is defined as the work expended by a force of one newton through a distance of one meter (N*m).", "author": "Charlie", "cited": [144], "search_terms": [8726, 8826, 8827], "units_links": [900], "subjects": [], "was_revised": false, "full_name": "Work", "units": "$\\displaystyle{ \\textrm{J} }$", "representation": "$\\displaystyle{W$ }$", "pub_date": "2014-04-27T16:55:01.876Z", "cited_pages": "230"}}, {"pk": 1325, "model": "search.variable", "fields": {"quick_name": "Pi", "description": "Pi ($\\pi$) is a mathematical constant that represents the ratio of a circle's circumference to its diameter: approximately equal to 3.14159.", "author": "Charlie", "cited": [], "search_terms": [8726, 8828], "units_links": [], "subjects": [], "was_revised": false, "full_name": "Pi", "units": "", "representation": "$\\displaystyle{\\pi}$", "pub_date": "2014-04-27T16:55:01.939Z", "cited_pages": ""}}, {"pk": 1326, "model": "search.variable", "fields": {"quick_name": "mu", "description": "The coefficient of friction is the ratio of the frictional force between two objects and the normal force exerted by one upon the other. It is an intrinsic property of a given material. There are two types of frictional coefficients: static and kinetic. The coefficient of static friction applies to an object at rest, while the kinetic applies to one in motion. Generally, the coefficient of static friction is larger than the coefficient of kinetic friction. Ice has a low coefficient, while asphalt has a comparatively high one.", "author": "Nick", "cited": [144], "search_terms": [8793, 8829, 8830, 8831, 8832, 8833, 8834, 8835, 8836], "units_links": [], "subjects": [], "was_revised": false, "full_name": "Coefficient of Friction", "units": "", "representation": "$\\displaystyle{\\mu}$", "pub_date": "2014-04-27T16:55:01.986Z", "cited_pages": "97"}}, {"pk": 1327, "model": "search.variable", "fields": {"quick_name": "K", "description": "The kinetic energy of an object is the energy which is possesses due to its motion. In classical mechanics, the kinetic energy of a non-rotating object of mass m traveling at a speed v is \u00bd mv\u00b2. The SI unit for measuring work and energy is the joule (symbol J). In relativistic mechanics, this is only a good approximation when v is much less than the speed of light.", "author": "Nick", "cited": [144], "search_terms": [8731, 8837, 8838, 8839, 8840, 8841], "units_links": [900], "subjects": [], "was_revised": false, "full_name": "Kinetic Energy", "units": "$\\displaystyle{ \\textrm{J} }$", "representation": "$\\displaystyle{ K }$", "pub_date": "2014-04-27T16:55:02.189Z", "cited_pages": "239"}}, {"pk": 1328, "model": "search.variable", "fields": {"quick_name": "Wnet", "description": "The net work done by the forces acting on a body is equal to the change in the body's kinetic energy.", "author": "Nick", "cited": [144], "search_terms": [8842, 8843, 8844, 8845, 8846, 8847], "units_links": [900], "subjects": [], "was_revised": false, "full_name": "Net Work", "units": "$\\displaystyle{ \\textrm{J} }$", "representation": "$\\displaystyle{W_{net}}$", "pub_date": "2014-04-27T16:55:02.314Z", "cited_pages": "240"}}, {"pk": 1329, "model": "search.variable", "fields": {"quick_name": "T", "description": "The period of a cyclic event is the time it takes for the system to complete one full revolution and return to its starting point. It is the inverse of frequency.", "author": "Nick", "cited": [], "search_terms": [8762, 8848, 8849], "units_links": [895], "subjects": [], "was_revised": false, "full_name": "Period", "units": "$\\displaystyle{ \\textrm{s} }$", "representation": "$\\displaystyle{\\textrm{T}}$", "pub_date": "2014-04-27T16:55:02.423Z", "cited_pages": ""}}, {"pk": 1330, "model": "search.variable", "fields": {"quick_name": "f", "description": "The frequency of a cyclic event is the number of revolutions of the system in a given timeframe. It is the inverse of the period. The Hertz unit uses seconds for this time frame. Something with a frequency of 60 Hz occurs sixty times per second. Frequency is sometimes represented by the Greek letter nu.", "author": "Nick", "cited": [], "search_terms": [8767, 8850, 8851], "units_links": [906], "subjects": [], "was_revised": false, "full_name": "Frequency", "units": "$\\displaystyle{\\textrm{Hz}}$", "representation": "$\\displaystyle{\\textrm{f}}$", "pub_date": "2014-04-27T16:55:02.470Z", "cited_pages": ""}}, {"pk": 1331, "model": "search.variable", "fields": {"quick_name": "F_fric", "description": "Friction is the force of resistance to motion offered by a surface. Its direction is always opposite to that of the motion of the contact surface. The frictional force offered by a material is dependent on its intrinsic coefficient of friction (given by the Greek letter mu). Ice has a very low coefficient, while a rough wooden floor has a comparatively high one.", "author": "Nick", "cited": [144], "search_terms": [8852, 8853, 8854, 8855], "units_links": [901], "subjects": [], "was_revised": false, "full_name": "Frictional Force", "units": "$\\displaystyle{\\textrm{N}}$", "representation": "$\\displaystyle{\\vec{F}_{fric}}$", "pub_date": "2014-04-27T16:55:02.517Z", "cited_pages": "97"}}, {"pk": 1332, "model": "search.variable", "fields": {"quick_name": "a_c", "description": "The centripetal force is not a new kind of force. When a particle moves in a circular path at constant speed, several forces may act upon it. The resultant of those forces must point toward the center of the circle, and we call the resultant of these forces the centripetal force.", "author": "Nick", "cited": [144], "search_terms": [8856, 8857, 8858], "units_links": [893, 895], "subjects": [], "was_revised": false, "full_name": "Centripetal Acceleration", "units": "$\\displaystyle{ \\frac{ \\textrm{m} }{ \\textrm{s}^2 } }$", "representation": "$\\displaystyle{\\vec{a}_c}$", "pub_date": "2014-04-27T16:55:02.626Z", "cited_pages": "100"}}, {"pk": 1333, "model": "search.variable", "fields": {"quick_name": "p", "description": "Two equal and opposite charges separated by a distance are known as an $electric dipole$. In equations in electricity and magnetism, we often find the product of their charge and distance $qd$, and thus we find it convenient to store this information into a variable known as the $electric dipole moment \\textbf{ vec{p} }$. The direction of the moment points from the negative charge to the positive by convention.", "author": "Nick", "cited": [145], "search_terms": [8726, 8818, 8859], "units_links": [893, 902], "subjects": [], "was_revised": false, "full_name": "Electric Dipole Moment", "units": "$\\displaystyle{ \\textrm{C} \\cdot \\textrm{m} }$", "representation": "$\\displaystyle{\\vec{p}}$", "pub_date": "2014-04-27T16:55:02.689Z", "cited_pages": "591"}}, {"pk": 1334, "model": "search.variable", "fields": {"quick_name": "K", "description": "Coulomb's constant is a handy way of containing the fraction: $\\frac{1}{4\\pi\\epsilon_0}$, which comes up often in equations in electricity and magnetism. It has the numerical value: $ K = 8.99 \\times 10^9 \\frac{ \\textrm{N} \\cdot \\textrm{m}^2}{ \\textrm{C}^2 } $.", "author": "Nick", "cited": [145], "search_terms": [8731, 8860, 8861, 8862], "units_links": [893, 901, 902], "subjects": [], "was_revised": false, "full_name": "Coulomb's Constant", "units": "$\\displaystyle{ \\frac{\\textrm{C}^2\\textrm{m}}{\\textrm{N}} }$", "representation": "$\\displaystyle{K}$", "pub_date": "2014-04-27T16:55:02.767Z", "cited_pages": "573"}}, {"pk": 1335, "model": "search.variable", "fields": {"quick_name": "theta", "description": "An angle is formed by two rays emanating from the same point, the $vertex$. It can be measured in degrees or radians.", "author": "Charlie", "cited": [], "search_terms": [8764, 8766, 8828, 8863, 8864], "units_links": [909], "subjects": [], "was_revised": false, "full_name": "Angle", "units": "$\\displaystyle{\\textrm{rad}}$", "representation": "$\\displaystyle{\\theta}$", "pub_date": "2014-04-27T16:55:02.876Z", "cited_pages": ""}}, {"pk": 1336, "model": "search.variable", "fields": {"quick_name": "t", "description": "Time is the order in which events occur, measured in seconds.", "author": "Charlie", "cited": [], "search_terms": [8727, 8762, 8865, 8866], "units_links": [895], "subjects": [], "was_revised": false, "full_name": "Time", "units": "$\\displaystyle{ \\textrm{ s } }$", "representation": "$\\displaystyle{t}$", "pub_date": "2014-04-27T16:55:02.986Z", "cited_pages": ""}}, {"pk": 1337, "model": "search.variable", "fields": {"quick_name": "v", "description": "Velocity is the time-rate change in position. It can intuitively be thought of as speed with a given direction.", "author": "Charlie", "cited": [], "search_terms": [8746, 8867, 8868], "units_links": [893, 895], "subjects": [], "was_revised": false, "full_name": "Velocity", "units": "$\\displaystyle{ \\frac{ \\textrm{m} }{ \\textrm{s} } }$", "representation": "$\\displaystyle{\\vec{v}}$", "pub_date": "2014-04-27T16:55:03.048Z", "cited_pages": ""}}, {"pk": 1338, "model": "search.variable", "fields": {"quick_name": "F_n", "description": "The normal force is the force exerted on an object by a surface. It is a consequence of Newton's Third Law.", "author": "Charlie", "cited": [], "search_terms": [8726, 8869, 8870], "units_links": [901], "subjects": [], "was_revised": false, "full_name": "Normal Force", "units": "$\\displaystyle{\\textrm{N}}$", "representation": "$\\displaystyle{\\vec{F}_n}$", "pub_date": "2014-04-27T16:55:03.111Z", "cited_pages": ""}}, {"pk": 1339, "model": "search.variable", "fields": {"quick_name": "r", "description": "The radius of a circle is the distance between its center and an endpoint. It is often used in place of distance, as in calculation of the gravitational force.", "author": "Charlie", "cited": [], "search_terms": [8871, 8872, 8873], "units_links": [893], "subjects": [], "was_revised": false, "full_name": "Radius", "units": "$\\displaystyle{\\textrm{m}}$", "representation": "$\\displaystyle{\\vec{r}}$", "pub_date": "2014-04-27T16:55:03.158Z", "cited_pages": ""}}, {"pk": 1340, "model": "search.variable", "fields": {"quick_name": "g", "description": "Acceleration due to gravity is felt by an object falling freely near a massive object, such as the Earth. It is the acceleration that an apple experiences as it falls from a tree.", "author": "Charlie", "cited": [], "search_terms": [8771, 8874, 8875], "units_links": [893, 895], "subjects": [], "was_revised": false, "full_name": "Gravitational Acceleration", "units": "$\\displaystyle{ \\frac{ \\textrm{m} }{ \\textrm{s}^2 } }$", "representation": "$\\displaystyle{ \\vec{g} }$", "pub_date": "2014-04-27T16:55:03.220Z", "cited_pages": ""}}, {"pk": 1341, "model": "search.variable", "fields": {"quick_name": "Q", "description": "Electrical charge is induced by the transfer of valence electrons from one object to another. By convention, a positively-charged object ($+$) has a deficiency in electrons, while a negatively-charged one ($-$) has a surplus. Because the quantity of charge is related to the number of valence electrons, we say that it is $quantized$, or that it only comes in integer multiples of the elementary charge.", "author": "Charlie", "cited": [145], "search_terms": [8726, 8876, 8877], "units_links": [902], "subjects": [], "was_revised": false, "full_name": "Electric Charge", "units": "$\\displaystyle{ \\textrm{C} }$", "representation": "$\\displaystyle{q}$", "pub_date": "2014-04-27T16:55:03.283Z", "cited_pages": "568"}}, {"pk": 1342, "model": "search.variable", "fields": {"quick_name": "F_c", "description": "The centripetal force is not a new kind of force. When a particle moves in a circular path at constant speed, several forces may act upon it. The resultant of those forces must point toward the center of the circle, and we call the resultant of these forces the centripetal force.", "author": "Charlie", "cited": [], "search_terms": [8878, 8879, 8880], "units_links": [901], "subjects": [], "was_revised": false, "full_name": "Centripetal Force", "units": "$\\displaystyle{ \\textrm{N} }$", "representation": "$\\displaystyle{\\vec{F}_c}$", "pub_date": "2014-04-27T16:55:03.345Z", "cited_pages": ""}}, {"pk": 1343, "model": "search.variable", "fields": {"quick_name": "E", "description": "The electric field acts as an intermediary through which the electric force can act. Charged objects moving through an electric field will experience a force proportional to the charge.", "author": "Charlie", "cited": [145], "search_terms": [8726, 8789, 8881], "units_links": [893, 901, 902, 903], "subjects": [], "was_revised": false, "full_name": "Electric Field", "units": "$\\displaystyle{ \\frac{ \\textrm{V} }{ \\textrm{m} } = \\frac{ \\textrm{N} }{ \\textrm{C} } }$", "representation": "$\\displaystyle{\\vec{E}}$", "pub_date": "2014-04-27T16:55:03.423Z", "cited_pages": "588"}}, {"pk": 1344, "model": "search.variable", "fields": {"quick_name": "F", "description": "The electric force is a force of attraction or repulsion between two charged objects whose direction is dependent on the polarity of each object. It is described by Coulomb's Law.", "author": "Charlie", "cited": [], "search_terms": [8726, 8767, 8882], "units_links": [901], "subjects": [], "was_revised": false, "full_name": "Electric Force", "units": "$\\displaystyle{ \\textrm{N} }$", "representation": "$\\displaystyle{\\vec{F}_E}$", "pub_date": "2014-04-27T16:55:03.517Z", "cited_pages": ""}}, {"pk": 1345, "model": "search.variable", "fields": {"quick_name": "U_g", "description": "Gravitational potential energy in a system is dependent on how far away one massive object is from another. In systems where the Earth is one of those objects, it is dependent on the distance above the ground (or some other defined zero-point, i.e., a tabletop). It can be thought of as representing the kinetic energy the object $would$ gain before hitting the ground if it were allowed to fall freely to the surface.", "author": "Charlie", "cited": [], "search_terms": [8726, 8883, 8884], "units_links": [900], "subjects": [], "was_revised": false, "full_name": "Gravitational Potential Energy", "units": "$\\displaystyle{ \\textrm{J} }$", "representation": "$\\displaystyle{U_g}$", "pub_date": "2014-04-27T16:55:03.564Z", "cited_pages": ""}}, {"pk": 1346, "model": "search.variable", "fields": {"quick_name": "F_g", "description": "The force exerted by one massive object on another is described by Newton's Law of Gravitation.", "author": "Charlie", "cited": [], "search_terms": [8885, 8886], "units_links": [901], "subjects": [], "was_revised": false, "full_name": "Gravitational Force", "units": "$\\displaystyle{ \\textrm{N} }$", "representation": "$\\displaystyle{\\vec{F}_g}$", "pub_date": "2014-04-27T16:55:03.611Z", "cited_pages": ""}}, {"pk": 1347, "model": "search.variable", "fields": {"quick_name": "U", "description": "The potential energy $U$ is energy associated with the configuration of a system: how the parts of the system are located or arranged with respect to one another (for example, the compression of a spring in a box-spring system, or the height of a ball in the ball-Earth system). The SI units of potential energy are Joules (J).", "author": "Charlie", "cited": [], "search_terms": [8726, 8887, 8888], "units_links": [900], "subjects": [], "was_revised": false, "full_name": "Potential Energy", "units": "$\\displaystyle{ \\textrm{J} }$", "representation": "$\\displaystyle{U}$", "pub_date": "2014-04-27T16:55:03.673Z", "cited_pages": ""}}, {"pk": 1348, "model": "search.variable", "fields": {"quick_name": "T_pendulum", "description": "The period of a pendulum describes how long, in seconds, it takes for the bob to make one full cycle and return back to its starting position.", "author": "Charlie", "cited": [], "search_terms": [8849, 8889, 8890], "units_links": [895], "subjects": [], "was_revised": false, "full_name": "Pendulum Period", "units": "$\\displaystyle{ \\textrm{s} }$", "representation": "$\\displaystyle{T_p}$", "pub_date": "2014-04-27T16:55:03.720Z", "cited_pages": ""}}, {"pk": 1349, "model": "search.variable", "fields": {"quick_name": "k", "description": "The spring constant is an intrinsic property of a spring that denotes how resistant to stretching or compressing it is. A spring with a constant of 10 N/m is twice as difficult to stretch or compress as one with a constant of 5 N/m.", "author": "Charlie", "cited": [], "search_terms": [8726, 8731, 8891], "units_links": [893, 901], "subjects": [], "was_revised": false, "full_name": "Spring Constant", "units": "$\\displaystyle{ \\frac{ \\textrm{N} }{ m } }$", "representation": "$\\displaystyle{\\textrm{k}}$", "pub_date": "2014-04-27T16:55:03.767Z", "cited_pages": ""}}, {"pk": 1350, "model": "search.variable", "fields": {"quick_name": "T_spring", "description": "The period of a spring defines how long, in seconds, it takes for the spring to go from stretched to compressed and back again when acted upon by some outside force.", "author": "Charlie", "cited": [], "search_terms": [8849, 8892, 8893], "units_links": [895], "subjects": [], "was_revised": false, "full_name": "Spring Period", "units": "$\\displaystyle{ \\textrm{s} }$", "representation": "$\\displaystyle{T_s}$", "pub_date": "2014-04-27T16:55:03.830Z", "cited_pages": ""}}, {"pk": 1351, "model": "search.variable", "fields": {"quick_name": "F_spring", "description": "The spring force is defined by Hooke's Law. It is the force that must be exerted on a spring to stretch or compress it some distance x, and the force with which the spring would recoil once released.", "author": "Charlie", "cited": [], "search_terms": [8726, 8894, 8895], "units_links": [901], "subjects": [], "was_revised": false, "full_name": "Spring Force", "units": "$\\displaystyle{ \\textrm{N} }$", "representation": "$\\displaystyle{\\vec{F}_{spring}}$", "pub_date": "2014-04-27T16:55:03.892Z", "cited_pages": ""}}, {"pk": 1352, "model": "search.variable", "fields": {"quick_name": "U_spring", "description": "Potential energy is stored in a spring when it is stretched or compressed away from equilibrium. It is dependent on the distance the spring is moved and the spring constant.", "author": "Charlie", "cited": [], "search_terms": [8726, 8896, 8897], "units_links": [900], "subjects": [], "was_revised": false, "full_name": "Spring Potential Energy", "units": "$\\displaystyle{ \\textrm{J} }$", "representation": "$\\displaystyle{U_s}$", "pub_date": "2014-04-27T16:55:03.939Z", "cited_pages": ""}}, {"pk": 1353, "model": "search.variable", "fields": {"quick_name": "F_coulomb", "description": "Here $F$ is the magnitude of the mutual force that acts on each of the two charges $q_1$ and $q_2$ and $r$ is the distance between their centers. As required by Newton's third law, the force exerted by $q_1$ on $q_2$ is equal in magnitude but opposite in direction to the force exerted by $q_2$ on $q_1$, even though the magnitudes of the charges may be different.", "author": "Charlie", "cited": [], "search_terms": [8726, 8898, 8899], "units_links": [901], "subjects": [], "was_revised": false, "full_name": "Coulomb Force", "units": "$\\displaystyle{ \\textrm{N} }$", "representation": "$\\displaystyle{F}$", "pub_date": "2014-04-27T16:55:03.986Z", "cited_pages": ""}}, {"pk": 979, "model": "search.equation", "fields": {"quick_name": "v=v0+at", "description": "The velocity of an object is equal to the original velocity, with respect to some initial time, plus the acceleration of the object multiplied by the final time minus the initial time.", "author": "Charlie", "cited": [], "search_terms": [8900, 8901, 8902, 8903], "subjects": [], "was_revised": false, "full_name": "Velocity over Time with Constant Acceleration", "representation": "$\\displaystyle{v=v_0+at}$", "defined_var": null, "pub_date": "2014-04-27T16:55:04.080Z", "variables": [1320, 1336, 1337], "cited_pages": ""}}, {"pk": 980, "model": "search.equation", "fields": {"quick_name": "f=ma", "description": "Newton's Second Law states that the vector sum of the forces on an object is equal to the total mass of that object multiplied by the acceleration of the object. In more technical terms, the acceleration of a body is directly proportional to, and in the same direction as, the net force acting on the body, and inversely proportional to its mass. Thus, F = ma, where F is the net force acting on the object, m is the mass of the object and a is the acceleration of the object. Force and acceleration are both vectors. This means that they have both a magnitude (size) and a direction relative to some reference frame.", "author": "Nick", "cited": [], "search_terms": [8767, 8769, 8904, 8905], "subjects": [], "was_revised": false, "full_name": "Newton's Second Law", "representation": "$\\displaystyle{ \\sum{ \\vec{F} } = \\frac{d \\vec{p} }{dt} = m \\frac{d \\vec{v} }{dt} = m\\vec{a} }$", "defined_var": null, "pub_date": "2014-04-27T16:55:04.236Z", "variables": [1308, 1309, 1320], "cited_pages": "47"}}, {"pk": 981, "model": "search.equation", "fields": {"quick_name": "x=(x_0)+(v_0)*t+0.5a*(t^2)", "description": "This is a kinematics equation which describes the motion of points, bodies (objects) and systems of bodies (groups of objects) without consideration of the causes of motion. Newton's laws state that a constant force acting on a particle generates a constant acceleration. This is called projectile motion.", "author": "Charlie", "cited": [], "search_terms": [8902, 8903, 8906, 8907], "subjects": [], "was_revised": false, "full_name": "Position with Constant Acceleration", "representation": "$\\displaystyle{ x = x_0 + v_0t + \\frac{1}{2}at^2 }$", "defined_var": null, "pub_date": "2014-04-27T16:55:04.330Z", "variables": [1310, 1320, 1336, 1337], "cited_pages": ""}}, {"pk": 982, "model": "search.equation", "fields": {"quick_name": "v^2=(v_0^2)+2a*(x-x_0)", "description": "This is a kinematics equation which describes the motion of points, bodies (objects) and systems of bodies (groups of objects) without consideration of the causes of motion. Newton's laws state that a constant force acting on a particle generates a constant acceleration. This is called projectile motion.", "author": "Charlie", "cited": [], "search_terms": [8902, 8903, 8908, 8909], "subjects": [], "was_revised": false, "full_name": "Velocity at a Position with Constant Acceleration", "representation": "$\\displaystyle{ v^2 = {v_0}^2 + 2a(x-x_0) }$", "defined_var": null, "pub_date": "2014-04-27T16:55:04.424Z", "variables": [1310, 1320, 1337], "cited_pages": ""}}, {"pk": 983, "model": "search.equation", "fields": {"quick_name": "F_fric=muF_n", "description": "Friction is the force resisting the motion of solid surfaces, fluid layers, and material elements sliding against each other. There are several types of friction such as dry friction, fluid friction, and sliding friction. The equation shown here represents a case of dry friction.", "author": "Charlie", "cited": [144], "search_terms": [8852, 8854, 8855, 8910, 8911, 8912], "subjects": [], "was_revised": false, "full_name": "Force of Friction", "representation": "$\\displaystyle{ \\vec{F}_{fric} = \\mu \\vec{F}_n }$", "defined_var": null, "pub_date": "2014-04-27T16:55:04.502Z", "variables": [1326, 1331, 1338], "cited_pages": "97"}}, {"pk": 984, "model": "search.equation", "fields": {"quick_name": "a_c=(v^2)/r", "description": "A body moving in a circle of radius R at velocity v experiences a centripetal acceleration in the radial direction.", "author": "Charlie", "cited": [144], "search_terms": [8857, 8858, 8913, 8914], "subjects": [], "was_revised": false, "full_name": "Centripetal Acceleration", "representation": "$\\displaystyle{ \\vec{a}_c = \\frac{ \\vec{v}^2 }{r} }$", "defined_var": null, "pub_date": "2014-04-27T16:55:04.674Z", "variables": [1332, 1337, 1339], "cited_pages": "100"}}, {"pk": 985, "model": "search.equation", "fields": {"quick_name": "Tau=rf(sin(theta))", "description": "Torque, moment or moment of force, is the tendency of a force to rotate an object about an axis, fulcrum, or pivot. Just as a force is a push or a pull, a torque can be thought of as a twist to an object. Torque can also be thought of as T= r x F", "author": "Charlie", "cited": [], "search_terms": [8815, 8816, 8817, 8915, 8916, 8917, 8918], "subjects": [], "was_revised": false, "full_name": "Torque", "representation": "$\\displaystyle{ \\vec{\\tau} = \\vec{r} \\times \\vec{F} = |r||F|\\sin{\\theta} }$", "defined_var": null, "pub_date": "2014-04-27T16:55:04.767Z", "variables": [1308, 1321, 1335, 1339], "cited_pages": ""}}, {"pk": 986, "model": "search.equation", "fields": {"quick_name": "p=mv", "description": "In classical mechanics, linear momentum or translational momentum (SI unit kg m/s, or equivalently, N s) is the product of the mass and velocity of an object. Momentum is also a conserved quantity meaning that if a closed system is not affected by external forces, its total linear momentum cannot change.", "author": "Charlie", "cited": [144], "search_terms": [8818, 8820, 8919, 8920], "subjects": [], "was_revised": false, "full_name": "Definition of Linear Momentum", "representation": "$\\displaystyle{ \\vec{p} = m\\vec{v} }$", "defined_var": 1322, "pub_date": "2014-04-27T16:55:04.908Z", "variables": [1309, 1337], "cited_pages": "121"}}, {"pk": 987, "model": "search.equation", "fields": {"quick_name": "Jnet=delta(p)", "description": "Like velocity, linear momentum is a vector quantity, possessing a direction as well as a magnitude", "author": "Charlie", "cited": [144], "search_terms": [8740, 8823, 8824, 8921, 8922, 8923], "subjects": [], "was_revised": false, "full_name": "Net Impulse", "representation": "$\\displaystyle{ \\vec{J}_{net} = \\Delta \\vec{p} }$", "defined_var": null, "pub_date": "2014-04-27T16:55:05.017Z", "variables": [1322, 1323], "cited_pages": "122"}}, {"pk": 988, "model": "search.equation", "fields": {"quick_name": "J=int(F)dt", "description": "In classical mechanics, impulse (symbolized by J) is the change in linear momentum of a body. It may be defined or calculated as the product of the average force multiplied by the time over which the force is exerted. Impulse is a vector quantity since it is the result of integrating force, a vector quantity, over time. The SI unit of impulse is the newton second (N\u00b7s) or, in base units, the kilogram meter per second (kg\u00b7m/s).", "author": "Nick", "cited": [144], "search_terms": [8740, 8822, 8924, 8925], "subjects": [], "was_revised": false, "full_name": "Impulse", "representation": "$\\displaystyle{ \\vec{J} = \\int{ \\vec{F} \\cdot dt} }$", "defined_var": null, "pub_date": "2014-04-27T16:55:05.142Z", "variables": [1308, 1323], "cited_pages": "122"}}, {"pk": 989, "model": "search.equation", "fields": {"quick_name": "K=0.5(mv^2)", "description": "The kinetic energy of an object is the energy which is possesses due to its motion. In classical mechanics, the kinetic energy of a non-rotating object of mass m traveling at a speed v is \u00bd mv\u00b2. The SI unit for measuring work and energy is the joule (symbol J). In relativistic mechanics, this is only a good approximation when v is much less than the speed of light.", "author": "Charlie", "cited": [144], "search_terms": [8731, 8838, 8926, 8927], "subjects": [], "was_revised": false, "full_name": "Definition of Kinetic Energy", "representation": "$\\displaystyle{ K = \\frac{1}{2} m v^2 }$", "defined_var": 1327, "pub_date": "2014-04-27T16:55:05.236Z", "variables": [1309, 1337], "cited_pages": "239"}}, {"pk": 990, "model": "search.equation", "fields": {"quick_name": "U=mgh", "description": "Potential energy is energy stored in a system of forcefully interacting physical entities. The SI unit for measuring work and energy is the joule (symbol J). Potential energy is often associated with restoring forces such as a spring or the force of gravity. The action of stretching the spring or lifting the mass is performed by an external force that works against the force field of the potential.", "author": "Charlie", "cited": [], "search_terms": [8818, 8887, 8928, 8929, 8930, 8931, 8932, 8933], "subjects": [], "was_revised": false, "full_name": "Definition of Gravitational Potential Energy", "representation": "$\\displaystyle{ U = mgh }$", "defined_var": 1345, "pub_date": "2014-04-27T16:55:05.361Z", "variables": [1309, 1310, 1340], "cited_pages": ""}}, {"pk": 991, "model": "search.equation", "fields": {"quick_name": "W=int(f)dx", "description": "In physics the concept of work involves a force that is exerted as the point of application moves through some distance, and one way to define the energy of a system is a measure of its capacity to do work. The SI unit of work is the joule (J), which is defined as the work expended by a force of one newton through a distance of one meter.", "author": "Charlie", "cited": [144], "search_terms": [8726, 8934, 8935], "subjects": [], "was_revised": false, "full_name": "Definition of Work", "representation": "$\\displaystyle{ W = \\int{F dx} }$", "defined_var": 1324, "pub_date": "2014-04-27T16:55:05.549Z", "variables": [1308, 1310], "cited_pages": "236"}}, {"pk": 992, "model": "search.equation", "fields": {"quick_name": "F_spring=-kx", "description": "Hooke's law is a principle of physics that states that the force F needed to extend or compress a spring by some distance X is proportional to that distance.", "author": "Charlie", "cited": [], "search_terms": [8895, 8936, 8937], "subjects": [], "was_revised": false, "full_name": "Hooke's Law", "representation": "$\\displaystyle{ \\vec{F}_{spring} = -k \\vec{x} }$", "defined_var": null, "pub_date": "2014-04-27T16:55:05.642Z", "variables": [1310, 1349, 1351], "cited_pages": ""}}, {"pk": 993, "model": "search.equation", "fields": {"quick_name": "U_spring=0.5k(x^2)", "description": "This equation represents the potential energy of an \"ideal\" spring of force constant k, compressed or extended by a distance \"x\" from its rest position.", "author": "Charlie", "cited": [144], "search_terms": [8938, 8939, 8940, 8941], "subjects": [], "was_revised": false, "full_name": "Definition of Spring Potential Energy", "representation": "$\\displaystyle{ U_{spring} = \\frac{1}{2} k x^2 }$", "defined_var": 1352, "pub_date": "2014-04-27T16:55:05.736Z", "variables": [1310, 1349], "cited_pages": "237"}}, {"pk": 994, "model": "search.equation", "fields": {"quick_name": "T_spring=2pi(sqrt(m/k))", "description": "The period of a spring in motion is the time in seconds it takes for the end of the spring to complete one full compression-extension cycle.", "author": "Charlie", "cited": [], "search_terms": [8726, 8893, 8942], "subjects": [], "was_revised": false, "full_name": "Spring Period", "representation": "$\\displaystyle{ T_{spring} = 2 \\pi \\sqrt{ \\frac{m}{k} } }$", "defined_var": null, "pub_date": "2014-04-27T16:55:05.846Z", "variables": [1309, 1325, 1349, 1350], "cited_pages": ""}}, {"pk": 995, "model": "search.equation", "fields": {"quick_name": "T_pendulum=2pi(sqrt(l/g))", "description": "The period of a pendulum is the time in seconds it takes for the bob to complete one full cycle.", "author": "Charlie", "cited": [], "search_terms": [8726, 8890, 8943], "subjects": [], "was_revised": false, "full_name": "Pendulum Period", "representation": "$\\displaystyle{ T_{pendulum} = 2 \\pi \\sqrt{ \\frac{l}{g} } }$", "defined_var": null, "pub_date": "2014-04-27T16:55:05.939Z", "variables": [1325, 1339, 1340, 1348], "cited_pages": ""}}, {"pk": 996, "model": "search.equation", "fields": {"quick_name": "T=1/(freq)", "description": "$T$ is the period in seconds (s), meaning the number of seconds per cycle. $T$ is the reciprocal of frequency.", "author": "Charlie", "cited": [], "search_terms": [8726, 8848, 8944], "subjects": [], "was_revised": false, "full_name": "Period", "representation": "$\\displaystyle{ T = \\frac{1}{f} }$", "defined_var": null, "pub_date": "2014-04-27T16:55:06.033Z", "variables": [1329, 1330], "cited_pages": ""}}, {"pk": 997, "model": "search.equation", "fields": {"quick_name": "U = -int(F)dx", "description": "The potential energy $U$ is energy associated with the configuration of a system. This means how the parts of the system are located or arranged with respect to one another (for example, the compression of a spring in a box-spring system, or the height of a ball in the ball-Earth system). The SI units of potential energy are Joules (J).", "author": "Nick", "cited": [144], "search_terms": [8726, 8888, 8945], "subjects": [], "was_revised": false, "full_name": "Potential Energy", "representation": "$\\displaystyle{ U = - int{ F \\cdot dx } }$", "defined_var": null, "pub_date": "2014-04-27T16:55:06.111Z", "variables": [1308, 1310, 1347], "cited_pages": "259"}}, {"pk": 998, "model": "search.equation", "fields": {"quick_name": "F_grav = -(Gm1m2)/(r^2)", "description": "Gravitation is the force that acts between bodies due to only their masses and is one of the four basic forces of physics. The negative sign is traditionally used to denote that it is an attracive force.", "author": "Charlie", "cited": [144], "search_terms": [8769, 8946, 8947, 8948], "subjects": [], "was_revised": false, "full_name": "Newton's Law of Gravitation", "representation": "$\\displaystyle{ \\vec{F}_G = -G \\frac{ m_1 m_2 }{ \\vec{ r } ^2 } }$", "defined_var": null, "pub_date": "2014-04-27T16:55:06.189Z", "variables": [1309, 1339, 1346], "cited_pages": "300"}}, {"pk": 999, "model": "search.equation", "fields": {"quick_name": "U_g = -(Gm1m2)/(r)", "description": "The potential energy is a property of a system of two particles $m_1$ and $m_2$, rather than of either body alone. The potential energy changes whether $m_1$ or $m_2$ is displaced. Each is acted upon by the gravitational force of the other.", "author": "Charlie", "cited": [], "search_terms": [8887, 8930, 8949, 8950], "subjects": [], "was_revised": false, "full_name": "Gravitational Potential", "representation": "$\\displaystyle{ U_G = \\frac{Gm_1m_2}{r} }$", "defined_var": null, "pub_date": "2014-04-27T16:55:06.299Z", "variables": [1309, 1339, 1345], "cited_pages": ""}}, {"pk": 1000, "model": "search.equation", "fields": {"quick_name": "F=(kq1q2/(r^2))", "description": "Here $F$ is the magnitude of the mutual force that acts on each of the two charges $q_1$ and $q_2$ and $r$ is the distance between their centers. As required by Newton's third law, the force exerted by $q_1$ on $q_2$ is equal in magnitude but opposite in direction to the force exerted by $q_2$ on $q_1$, even though the magnitudes of the charges may be different.", "author": "Charlie", "cited": [145], "search_terms": [8882, 8951, 8952], "subjects": [], "was_revised": false, "full_name": "Definition of Coulomb Force", "representation": "$\\displaystyle{ \\vec{F}_E = \\frac{ K q1 q2 }{ r^2 } }$", "defined_var": 1353, "pub_date": "2014-04-27T16:55:06.408Z", "variables": [1314, 1325, 1339, 1341, 1344], "cited_pages": "573"}}, {"pk": 1001, "model": "search.equation", "fields": {"quick_name": "E=F/q", "description": "Dimensionally, the electric field is the force per unit charge, and its SI unit is the newton/coulomb (N/C) although it is also often given in the unit of volt/meter (V/m). Note the similarity with the gravitational field. Both the gravitational and electric fields can be expressed as a force divided by a property (mass or charge) of the test body.", "author": "Charlie", "cited": [], "search_terms": [8881, 8953, 8954], "subjects": [], "was_revised": false, "full_name": "Electric Field", "representation": "$\\displaystyle{ \\vec{E} = \\frac{ \\vec{F} }{q} }$", "defined_var": null, "pub_date": "2014-04-27T16:55:06.533Z", "variables": [1308, 1341, 1343], "cited_pages": ""}}, {"pk": 1002, "model": "search.equation", "fields": {"quick_name": "F_n = mg", "description": "The normal force is the counteracting force of a surface on an object. For example, as a book rests on a table, gravity exerts a downward force on the table proprortional to the mass of the book. In accord with Newton's Third Law, because the book does not fall through the table, there must then be a force equal in magnitude in the opposite direction of the gravitational force. This is \"normal\", or perpendicular, to the surface, hence the name \"normal force\".", "author": "Nick", "cited": [144], "search_terms": [8870, 8955, 8956, 8957, 8958, 8959], "subjects": [], "was_revised": false, "full_name": "Normal Force", "representation": "$\\displaystyle{ \\vec{F}_n = m \\vec{ g } \\cos{\\theta} }$", "defined_var": null, "pub_date": "2014-04-27T16:55:06.611Z", "variables": [1309, 1335, 1338, 1340], "cited_pages": "92-93"}}, {"pk": 1003, "model": "search.equation", "fields": {"quick_name": "F_c = ma_c", "description": "The centripetal force is not a new kind of force. When a particle moves in a circular path at constant speed, several forces may act upon it. The resultant of those forces must point toward the center of the circle, and we call the resultant of these forces the centripetal force.", "author": "Nick", "cited": [144], "search_terms": [8878, 8880, 8960, 8961, 8962, 8963], "subjects": [], "was_revised": false, "full_name": "Definition of Centripetal Force", "representation": "$\\displaystyle{ \\vec{F}_c = m \\vec{a}_c }$", "defined_var": 1342, "pub_date": "2014-04-27T16:55:06.815Z", "variables": [1309, 1332], "cited_pages": "100"}}, {"pk": 1004, "model": "search.equation", "fields": {"quick_name": "r_cm", "description": "The center of mass of an object or system is the point at which the mass on each side of it is balanced. For example, a barbell with equal weight on each side would have a center of mass exactly at the center, but adding weight to one side would move the center of mass in that direction. The center of mass of many-body systems can be calculated in this way as well.", "author": "Nick", "cited": [144], "search_terms": [8726, 8964, 8965], "subjects": [], "was_revised": false, "full_name": "Center of Mass", "representation": "$\\displaystyle{ \\vec{r}_{cm} = \\frac{ m_1\\vec{r}_1 + m_2\\vec{r}_2 }{ m_1 + m_2 } }$", "defined_var": null, "pub_date": "2014-04-27T16:55:06.955Z", "variables": [1309, 1339], "cited_pages": "141"}}, {"pk": 1005, "model": "search.equation", "fields": {"quick_name": "Wnet=deltak", "description": "The net work done by the forces acting on a body is equal to the change in kinetic energy of the body", "author": "Nick", "cited": [144], "search_terms": [8827, 8966, 8967, 8968], "subjects": [], "was_revised": false, "full_name": "Work-Energy Theorem", "representation": "$\\displaystyle{ W_{net} = \\Delta K = K_f - K_i }$", "defined_var": null, "pub_date": "2014-04-27T16:55:07.049Z", "variables": [1327, 1328], "cited_pages": "240"}}, {"pk": 1006, "model": "search.equation", "fields": {"quick_name": "p = qd", "description": "The configuration of two equal and opposite charges separated by a distance is called an electric dipole. The magnitude  of the charge q on each of the components and their separation d often occur together as the product qd. It is convient to dfine this quantity as the electric dipole moment p.", "author": "Nick", "cited": [145], "search_terms": [8726, 8859, 8969], "subjects": [], "was_revised": false, "full_name": "Electric Dipole Moment", "representation": "$\\displaystyle{ p = qd }$", "defined_var": null, "pub_date": "2014-04-27T16:55:07.143Z", "variables": [1333], "cited_pages": "591"}}, {"pk": 1007, "model": "search.equation", "fields": {"quick_name": "q = ne", "description": "Electric charge is the physical property of matter that causes it to experience a force when close to other electrically charged matter. There are two types of electric charges: positive (+) and negative (-). Positively charged substances are repelled from other positively charged substances, but attracted to negatively charged substances. Negatively charged substances are repelled from negative and attracted to positive. An object will be negatively charged if it has an excess of electrons, and will otherwise be positively charged or uncharged. The SI derived unit of electric charge is the coulomb (C), although in electrical engineering it is also common to use the ampere-hour (Ah), and in chemistry it is common to use the elementary charge (e) times an integer ($n = 0, \\pm 1, \\pm 2, \\ldots$) as a unit. The symbol Q is often used to denote a charge.", "author": "Nick", "cited": [145], "search_terms": [8877, 8970, 8971], "subjects": [], "was_revised": false, "full_name": "Electric Charge", "representation": "$\\displaystyle{ q = ne }$", "defined_var": null, "pub_date": "2014-04-27T16:55:07.205Z", "variables": [1341], "cited_pages": "570"}}, {"pk": 94, "model": "search.querylog", "fields": {"count": 3, "query": "K", "most_recent_lookup": "2014-02-07T23:30:18.429Z"}}, {"pk": 95, "model": "search.querylog", "fields": {"count": 1, "query": "spring", "most_recent_lookup": "2014-02-07T23:27:11.768Z"}}, {"pk": 96, "model": "search.querylog", "fields": {"count": 2, "query": "definition", "most_recent_lookup": "2014-04-27T16:56:01.443Z"}}, {"pk": 97, "model": "search.querylog", "fields": {"count": 1, "query": "f_c", "most_recent_lookup": "2014-02-07T23:33:34.658Z"}}, {"pk": 98, "model": "search.querylog", "fields": {"count": 205, "query": "m", "most_recent_lookup": "2014-04-22T02:05:06.583Z"}}, {"pk": 99, "model": "search.querylog", "fields": {"count": 1, "query": "electron", "most_recent_lookup": "2014-02-08T15:51:08.307Z"}}, {"pk": 100, "model": "search.querylog", "fields": {"count": 6, "query": "charge", "most_recent_lookup": "2014-03-05T04:33:28.338Z"}}, {"pk": 101, "model": "search.querylog", "fields": {"count": 41, "query": "a", "most_recent_lookup": "2014-03-28T20:09:14.081Z"}}, {"pk": 102, "model": "search.querylog", "fields": {"count": 1, "query": "acceleration", "most_recent_lookup": "2014-02-09T18:12:40.234Z"}}, {"pk": 103, "model": "search.querylog", "fields": {"count": 1, "query": "Acceleration", "most_recent_lookup": "2014-02-09T18:12:55.265Z"}}, {"pk": 104, "model": "search.querylog", "fields": {"count": 14, "query": "mass", "most_recent_lookup": "2014-04-17T01:11:34.990Z"}}, {"pk": 105, "model": "search.querylog", "fields": {"count": 1, "query": "\\", "most_recent_lookup": "2014-02-15T00:35:59.968Z"}}, {"pk": 106, "model": "search.querylog", "fields": {"count": 1, "query": "f = ma   ", "most_recent_lookup": "2014-02-16T21:26:40.599Z"}}, {"pk": 107, "model": "search.querylog", "fields": {"count": 23, "query": "f = ma", "most_recent_lookup": "2014-03-28T20:31:33.359Z"}}, {"pk": 108, "model": "search.querylog", "fields": {"count": 44, "query": "f=ma", "most_recent_lookup": "2014-04-21T23:28:39.826Z"}}, {"pk": 109, "model": "search.querylog", "fields": {"count": 1, "query": "f=ma  ", "most_recent_lookup": "2014-02-16T21:26:51.344Z"}}, {"pk": 110, "model": "search.querylog", "fields": {"count": 1, "query": "f=ma     ", "most_recent_lookup": "2014-02-16T21:26:58.122Z"}}, {"pk": 111, "model": "search.querylog", "fields": {"count": 1, "query": "f=ma ", "most_recent_lookup": "2014-02-16T21:27:01.833Z"}}, {"pk": 112, "model": "search.querylog", "fields": {"count": 1, "query": "a = 1/2mv^2", "most_recent_lookup": "2014-02-16T21:28:53.397Z"}}, {"pk": 113, "model": "search.querylog", "fields": {"count": 1, "query": "a = (1/2)mv^2", "most_recent_lookup": "2014-02-16T21:29:01.340Z"}}, {"pk": 114, "model": "search.querylog", "fields": {"count": 1, "query": "K = 1/2mv^2", "most_recent_lookup": "2014-02-16T21:29:12.156Z"}}, {"pk": 115, "model": "search.querylog", "fields": {"count": 1, "query": "K = .5mv^2", "most_recent_lookup": "2014-02-16T21:29:15.296Z"}}, {"pk": 116, "model": "search.querylog", "fields": {"count": 1, "query": "K = .5*mv^2", "most_recent_lookup": "2014-02-16T21:45:14.944Z"}}, {"pk": 117, "model": "search.querylog", "fields": {"count": 1, "query": "KE = .5*mv^2", "most_recent_lookup": "2014-02-16T21:45:17.347Z"}}, {"pk": 118, "model": "search.querylog", "fields": {"count": 1, "query": "KE = 0.5(mv^2)", "most_recent_lookup": "2014-02-16T21:45:49.730Z"}}, {"pk": 119, "model": "search.querylog", "fields": {"count": 1, "query": "K = 0.5(mv^2)", "most_recent_lookup": "2014-02-16T21:45:55.414Z"}}, {"pk": 120, "model": "search.querylog", "fields": {"count": 6, "query": "K=0.5(mv^2)", "most_recent_lookup": "2014-02-16T21:50:12.088Z"}}, {"pk": 121, "model": "search.querylog", "fields": {"count": 12, "query": "bleh", "most_recent_lookup": "2014-02-22T00:17:01.805Z"}}, {"pk": 122, "model": "search.querylog", "fields": {"count": 1, "query": "s", "most_recent_lookup": "2014-02-21T03:21:06.907Z"}}, {"pk": 123, "model": "search.querylog", "fields": {"count": 6, "query": "", "most_recent_lookup": "2014-03-12T18:14:02.420Z"}}, {"pk": 124, "model": "search.querylog", "fields": {"count": 1, "query": "t = 1/f", "most_recent_lookup": "2014-02-22T00:18:45.978Z"}}, {"pk": 125, "model": "search.querylog", "fields": {"count": 2, "query": "q", "most_recent_lookup": "2014-03-05T04:32:58.924Z"}}, {"pk": 126, "model": "search.querylog", "fields": {"count": 2, "query": "j", "most_recent_lookup": "2014-02-23T20:05:44.302Z"}}, {"pk": 127, "model": "search.querylog", "fields": {"count": 1, "query": "p = mv", "most_recent_lookup": "2014-02-27T22:22:09.891Z"}}, {"pk": 128, "model": "search.querylog", "fields": {"count": 1, "query": "p", "most_recent_lookup": "2014-02-27T22:22:14.117Z"}}, {"pk": 129, "model": "search.querylog", "fields": {"count": 4, "query": "v = v_0 + at", "most_recent_lookup": "2014-03-11T18:14:35.276Z"}}, {"pk": 130, "model": "search.querylog", "fields": {"count": 4, "query": "v = v0 + at", "most_recent_lookup": "2014-03-11T18:14:26.646Z"}}, {"pk": 131, "model": "search.querylog", "fields": {"count": 2, "query": "*", "most_recent_lookup": "2014-03-02T17:35:08.171Z"}}, {"pk": 132, "model": "search.querylog", "fields": {"count": 6, "query": "c", "most_recent_lookup": "2014-02-28T22:25:43.479Z"}}, {"pk": 133, "model": "search.querylog", "fields": {"count": 1, "query": "coulomb force", "most_recent_lookup": "2014-03-01T01:38:27.119Z"}}, {"pk": 134, "model": "search.querylog", "fields": {"count": 1, "query": "definition of coulomb force", "most_recent_lookup": "2014-03-01T01:38:33.834Z"}}, {"pk": 135, "model": "search.querylog", "fields": {"count": 6, "query": "newton", "most_recent_lookup": "2014-04-17T01:12:33.527Z"}}, {"pk": 140, "model": "search.querylog", "fields": {"count": 1, "query": "foo", "most_recent_lookup": "2014-03-02T16:57:30.418Z"}}, {"pk": 141, "model": "search.querylog", "fields": {"count": 1, "query": "foooooo", "most_recent_lookup": "2014-03-02T16:59:54.961Z"}}, {"pk": 142, "model": "search.querylog", "fields": {"count": 0, "query": "aosfdjasojfids", "most_recent_lookup": "2014-03-02T17:01:46.403Z"}}, {"pk": 143, "model": "search.querylog", "fields": {"count": 1, "query": "yyyiyjijiji", "most_recent_lookup": "2014-03-02T17:08:19.926Z"}}, {"pk": 144, "model": "search.querylog", "fields": {"count": 6, "query": "fooooo", "most_recent_lookup": "2014-03-02T17:30:03.012Z"}}, {"pk": 145, "model": "search.querylog", "fields": {"count": 1, "query": "fasfafd", "most_recent_lookup": "2014-03-02T17:09:23.638Z"}}, {"pk": 146, "model": "search.querylog", "fields": {"count": 1, "query": "dasifojadsoijf", "most_recent_lookup": "2014-03-02T17:11:23.202Z"}}, {"pk": 147, "model": "search.querylog", "fields": {"count": 1, "query": "jjjjjjjjjjjjjjjjjjjjjjjjjjjjjjjjj", "most_recent_lookup": "2014-03-02T17:30:35.382Z"}}, {"pk": 148, "model": "search.querylog", "fields": {"count": 2, "query": "k", "most_recent_lookup": "2014-03-05T03:38:10.393Z"}}, {"pk": 149, "model": "search.querylog", "fields": {"count": 1, "query": "12345", "most_recent_lookup": "2014-03-05T03:38:43.653Z"}}, {"pk": 150, "model": "search.querylog", "fields": {"count": 1, "query": "123467", "most_recent_lookup": "2014-03-05T03:39:07.325Z"}}, {"pk": 151, "model": "search.querylog", "fields": {"count": 1, "query": "nkjnkjnjknjkn", "most_recent_lookup": "2014-03-05T03:41:12.567Z"}}, {"pk": 152, "model": "search.querylog", "fields": {"count": 1, "query": "asdfj", "most_recent_lookup": "2014-03-05T04:33:16.157Z"}}, {"pk": 153, "model": "search.querylog", "fields": {"count": 2, "query": "f_fric", "most_recent_lookup": "2014-03-24T20:47:04.802Z"}}, {"pk": 154, "model": "search.querylog", "fields": {"count": 1, "query": "f_f", "most_recent_lookup": "2014-03-11T18:14:44.755Z"}}, {"pk": 155, "model": "search.querylog", "fields": {"count": 1, "query": "\u00b5", "most_recent_lookup": "2014-03-11T19:28:18.276Z"}}, {"pk": 156, "model": "search.querylog", "fields": {"count": 3, "query": "f=(ma)", "most_recent_lookup": "2014-03-12T18:11:55.537Z"}}, {"pk": 157, "model": "search.querylog", "fields": {"count": 1, "query": "f=(ma)*(+_", "most_recent_lookup": "2014-03-12T18:11:43.408Z"}}, {"pk": 158, "model": "search.querylog", "fields": {"count": 1, "query": ")f=(ma)", "most_recent_lookup": "2014-03-12T18:12:01.646Z"}}, {"pk": 159, "model": "search.querylog", "fields": {"count": 1, "query": "f=(ma)*(+           )", "most_recent_lookup": "2014-03-12T18:12:07.083Z"}}, {"pk": 160, "model": "search.querylog", "fields": {"count": 3, "query": "&@^#$&#@*$^&#@*force@#&%@^!$%#@%&^", "most_recent_lookup": "2014-03-17T01:13:12.098Z"}}, {"pk": 161, "model": "search.querylog", "fields": {"count": 2, "query": "&@^#$&#@*$^&#@*force@#&%@^!$%#@%&^#@%)", "most_recent_lookup": "2014-03-17T01:11:28.093Z"}}, {"pk": 162, "model": "search.querylog", "fields": {"count": 2, "query": "&@^#$&#@*$^&#@*force@#&%@^!$%#@%&^#@%b", "most_recent_lookup": "2014-03-17T01:13:09.345Z"}}, {"pk": 163, "model": "search.querylog", "fields": {"count": 2, "query": "&@^#$&#@*$^&#@*force@#&%@^!$%#@%&^#@%}", "most_recent_lookup": "2014-03-17T01:11:37.986Z"}}, {"pk": 164, "model": "search.querylog", "fields": {"count": 1, "query": "&@^#$&#@*$^&#@*force@#&%@^!$%#@%&^#@%}a", "most_recent_lookup": "2014-03-17T01:11:35.635Z"}}, {"pk": 165, "model": "search.querylog", "fields": {"count": 3, "query": "&@^#$&#@*$^&#@*force@#&%@^!$%#@%&^#@%}])", "most_recent_lookup": "2014-03-17T01:12:16.349Z"}}, {"pk": 166, "model": "search.querylog", "fields": {"count": 2, "query": "force*$&@#$^*&#@^$&", "most_recent_lookup": "2014-03-17T01:15:11.994Z"}}, {"pk": 167, "model": "search.querylog", "fields": {"count": 1, "query": "force*$&@#$^*&#@^$&@(!@)", "most_recent_lookup": "2014-03-17T01:14:47.031Z"}}, {"pk": 168, "model": "search.querylog", "fields": {"count": 1, "query": "force*$&@#$^*&#@^$&@(!@}}}}", "most_recent_lookup": "2014-03-17T01:15:35.641Z"}}, {"pk": 169, "model": "search.querylog", "fields": {"count": 1, "query": "force*$&@#$^*&#@^$&@(!a", "most_recent_lookup": "2014-03-17T01:15:41.875Z"}}, {"pk": 170, "model": "search.querylog", "fields": {"count": 1, "query": "force*$&@#$^*&#@^$&@(!a)", "most_recent_lookup": "2014-03-17T01:15:45.622Z"}}, {"pk": 171, "model": "search.querylog", "fields": {"count": 1, "query": "f = (ma)", "most_recent_lookup": "2014-03-17T01:15:53.039Z"}}, {"pk": 172, "model": "search.querylog", "fields": {"count": 1, "query": "f = (m*a)", "most_recent_lookup": "2014-03-17T01:15:57.942Z"}}, {"pk": 173, "model": "search.querylog", "fields": {"count": 1, "query": "f = (m/a)", "most_recent_lookup": "2014-03-17T01:16:04.884Z"}}, {"pk": 174, "model": "search.querylog", "fields": {"count": 1, "query": "#&$*@#$force&*#$#*$@", "most_recent_lookup": "2014-03-17T01:16:34.178Z"}}, {"pk": 175, "model": "search.querylog", "fields": {"count": 1, "query": "#&$*@#$f=ma&*#$#*$@", "most_recent_lookup": "2014-03-17T01:16:47.953Z"}}, {"pk": 176, "model": "search.querylog", "fields": {"count": 1, "query": "#&$*@#$f=ma&*#$#*$@)", "most_recent_lookup": "2014-03-17T01:16:59.975Z"}}, {"pk": 177, "model": "search.querylog", "fields": {"count": 1, "query": "#&$*@#$f&*#$#*$@)", "most_recent_lookup": "2014-03-17T01:17:07.299Z"}}, {"pk": 178, "model": "search.querylog", "fields": {"count": 1, "query": "#&$*@#$f&*#$#*$@", "most_recent_lookup": "2014-03-17T01:18:12.481Z"}}, {"pk": 179, "model": "search.querylog", "fields": {"count": 2, "query": "f", "most_recent_lookup": "2014-03-28T20:29:42.543Z"}}, {"pk": 180, "model": "search.querylog", "fields": {"count": 1, "query": "@f@", "most_recent_lookup": "2014-03-17T01:18:25.891Z"}}, {"pk": 181, "model": "search.querylog", "fields": {"count": 1, "query": ".f.", "most_recent_lookup": "2014-03-17T01:18:44.405Z"}}, {"pk": 182, "model": "search.querylog", "fields": {"count": 18, "query": "force", "most_recent_lookup": "2014-03-23T17:47:14.322Z"}}, {"pk": 183, "model": "search.querylog", "fields": {"count": 3, "query": "v", "most_recent_lookup": "2014-03-28T20:34:46.806Z"}}, {"pk": 184, "model": "search.querylog", "fields": {"count": 1, "query": "A", "most_recent_lookup": "2014-03-23T02:24:40.890Z"}}, {"pk": 185, "model": "search.querylog", "fields": {"count": 1, "query": "mu*Fn", "most_recent_lookup": "2014-03-24T20:46:41.596Z"}}, {"pk": 186, "model": "search.querylog", "fields": {"count": 1, "query": "muFn", "most_recent_lookup": "2014-03-24T20:46:56.108Z"}}, {"pk": 187, "model": "search.querylog", "fields": {"count": 1, "query": "ffric", "most_recent_lookup": "2014-03-24T20:47:01.207Z"}}, {"pk": 188, "model": "search.querylog", "fields": {"count": 1, "query": "x", "most_recent_lookup": "2014-03-28T19:44:18.676Z"}}, {"pk": 189, "model": "search.querylog", "fields": {"count": 1, "query": "centripetal", "most_recent_lookup": "2014-03-28T20:12:09.207Z"}}, {"pk": 190, "model": "search.querylog", "fields": {"count": 1, "query": "&*^%*#^$f=ma%^&%^%^", "most_recent_lookup": "2014-03-28T21:48:06.235Z"}}, {"pk": 191, "model": "search.querylog", "fields": {"count": 1, "query": "&^%#^$f=ma%^&%^%^", "most_recent_lookup": "2014-03-28T21:48:31.995Z"}}, {"pk": 192, "model": "search.querylog", "fields": {"count": 1, "query": "f=ma@#@#*&*&#($&*#$&", "most_recent_lookup": "2014-04-07T21:50:23.312Z"}}, {"pk": 193, "model": "search.querylog", "fields": {"count": 2, "query": "blarg", "most_recent_lookup": "2014-04-19T16:04:56.333Z"}}, {"pk": 194, "model": "search.querylog", "fields": {"count": 5, "query": "p=mv", "most_recent_lookup": "2014-04-27T16:55:38.330Z"}}]